Product ID,Work Center,Length,ID,Task,Time(min),,Sum of Time(min),Column Labels,,,,,,,,,,,,,
B6R,Assembly,4,1,Add extra gaskets,0.93,,Row Labels,4,8,12,10003,10005,10008,10013,10018,10023,11,14,22,24,Grand Total
B6R,Assembly,8,1,Add extra gaskets,0.93,,B6R,5.93,8.93,12.93,,,,,,,,,,,27.79
B6R,Assembly,12,1,Add extra gaskets,0.93,,B6RLED,5.93,8.93,12.93,,,,,,,,,,,27.79
B6RLED,Assembly,4,1,Add extra gaskets,0.93,,B6RLEDPAT,5.93,8.93,12.93,,,,,,,,,,,27.79
B6RLED,Assembly,8,1,Add extra gaskets,0.93,,B6RPAT,5.93,8.93,12.93,,,,,,,,,,,27.79
B6RLED,Assembly,12,1,Add extra gaskets,0.93,,B6RV,5.93,8.93,12.93,,,,,,,,,,,27.79
B6RLEDPAT,Assembly,4,1,Add extra gaskets,0.93,,B6RVLED,5.93,8.93,12.93,,,,,,,,,,,27.79
B6RLEDPAT,Assembly,8,1,Add extra gaskets,0.93,,BBR,5.93,8.93,12.93,,,,,,,,,,,27.79
B6RLEDPAT,Assembly,12,1,Add extra gaskets,0.93,,BBRLED,5.93,8.93,12.93,,,,,,,,,,,27.79
B6RPAT,Assembly,4,1,Add extra gaskets,0.93,,BBRLEDPAT,5.93,8.93,12.93,,,,,,,,,,,27.79
B6RPAT,Assembly,8,1,Add extra gaskets,0.93,,BBRPAT,5.93,8.93,12.93,,,,,,,,,,,27.79
B6RPAT,Assembly,12,1,Add extra gaskets,0.93,,BBRV,5.93,8.93,12.93,,,,,,,,,,,27.79
B6RV,Assembly,4,1,Add extra gaskets,0.93,,BBRVLED,5.93,8.93,12.93,,,,,,,,,,,27.79
B6RV,Assembly,8,1,Add extra gaskets,0.93,,BMR,5.93,8.93,12.93,,,,,,,,,,,27.79
B6RV,Assembly,12,1,Add extra gaskets,0.93,,BMRLED,5.93,8.93,12.93,,,,,,,,,,,27.79
B6RVLED,Assembly,4,1,Add extra gaskets,0.93,,BMRLEDPAT,5.93,8.93,12.93,,,,,,,,,,,27.79
B6RVLED,Assembly,8,1,Add extra gaskets,0.93,,BMRPAT,5.93,8.93,12.93,,,,,,,,,,,27.79
B6RVLED,Assembly,12,1,Add extra gaskets,0.93,,BMRV,5.93,8.93,12.93,,,,,,,,,,,27.79
BBR,Assembly,4,1,Add extra gaskets,0.93,,BMRVLED,5.93,8.93,12.93,,,,,,,,,,,27.79
BBR,Assembly,8,1,Add extra gaskets,0.93,,BR,5.93,8.93,12.93,,,,,,,,,,,27.79
BBR,Assembly,12,1,Add extra gaskets,0.93,,BRLED,5.93,8.93,12.93,,,,,,,,,,,27.79
BBRLED,Assembly,4,1,Add extra gaskets,0.93,,BRLEDPAT,5.93,8.93,12.93,,,,,,,,,,,27.79
BBRLED,Assembly,8,1,Add extra gaskets,0.93,,BRPAT,5.93,8.93,12.93,,,,,,,,,,,27.79
BBRLED,Assembly,12,1,Add extra gaskets,0.93,,BRV,5.93,8.93,12.93,,,,,,,,,,,27.79
BBRLEDPAT,Assembly,4,1,Add extra gaskets,0.93,,BRVLED,5.93,8.93,12.93,,,,,,,,,,,27.79
BBRLEDPAT,Assembly,8,1,Add extra gaskets,0.93,,DAYC,,,5.93,,,,,,,5.93,8.93,12.93,12.93,46.65
BBRLEDPAT,Assembly,12,1,Add extra gaskets,0.93,,DAYCLED,,,5.93,,,,,,,5.93,8.93,12.93,12.93,46.65
BBRPAT,Assembly,4,1,Add extra gaskets,0.93,,DAYF,,,5.93,,,,,,,5.93,8.93,12.93,12.93,46.65
BBRPAT,Assembly,8,1,Add extra gaskets,0.93,,DAYFLED,,,5.93,,,,,,,5.93,8.93,12.93,12.93,46.65
BBRPAT,Assembly,12,1,Add extra gaskets,0.93,,DIA,,,5.93,,,,,,,5.93,8.93,12.93,12.93,46.65
BBRV,Assembly,4,1,Add extra gaskets,0.93,,DIALED,,,5.93,,,,,,,5.93,8.93,12.93,12.93,46.65
BBRV,Assembly,8,1,Add extra gaskets,0.93,,DUO,,,5.93,,,,,,,5.93,8.93,12.93,12.93,46.65
BBRV,Assembly,12,1,Add extra gaskets,0.93,,PO,,,5.93,,,,,,,5.93,8.93,12.93,12.93,46.65
BBRVLED,Assembly,4,1,Add extra gaskets,0.93,,POLED,,,5.93,,,,,,,5.93,8.93,12.93,12.93,46.65
BBRVLED,Assembly,8,1,Add extra gaskets,0.93,,RAY3,5.93,8.93,12.93,,,,,,,,,,,27.79
BBRVLED,Assembly,12,1,Add extra gaskets,0.93,,RAY4,5.93,8.93,12.93,,,,,,,,,,,27.79
BMR,Assembly,4,1,Add extra gaskets,0.93,,RAY6,5.93,8.93,12.93,,,,,,,,,,,27.79
BMR,Assembly,8,1,Add extra gaskets,0.93,,RAY8,5.93,8.93,12.93,,,,,,,,,,,27.79
BMR,Assembly,12,1,Add extra gaskets,0.93,,SCAC,5.93,8.93,12.93,,,,,,,,,,,27.79
BMRLED,Assembly,4,1,Add extra gaskets,0.93,,SCDLAC,5.93,8.93,12.93,,,,,,,,,,,27.79
BMRLED,Assembly,8,1,Add extra gaskets,0.93,,SCI,5.93,8.93,12.93,,,,,,,,,,,27.79
BMRLED,Assembly,12,1,Add extra gaskets,0.93,,SCILAC,5.93,8.93,12.93,,,,,,,,,,,27.79
BMRLEDPAT,Assembly,4,1,Add extra gaskets,0.93,,SCR,0.93,0.93,0.93,,,,,,,,,,,2.79
BMRLEDPAT,Assembly,8,1,Add extra gaskets,0.93,,SCRAC,5.93,8.93,12.93,,,,,,,,,,,27.79
BMRLEDPAT,Assembly,12,1,Add extra gaskets,0.93,,SCRLAC,5.93,8.93,12.93,,,,,,,,,,,27.79
BMRPAT,Assembly,4,1,Add extra gaskets,0.93,,SCRPAT,0.93,0.93,0.93,,,,,,,,,,,2.79
BMRPAT,Assembly,8,1,Add extra gaskets,0.93,,SCRV,0.93,0.93,0.93,,,,,,,,,,,2.79
BMRPAT,Assembly,12,1,Add extra gaskets,0.93,,SCSAC,5.93,8.93,12.93,,,,,,,,,,,27.79
BMRV,Assembly,4,1,Add extra gaskets,0.93,,SCSLAC,5.93,8.93,12.93,,,,,,,,,,,27.79
BMRV,Assembly,8,1,Add extra gaskets,0.93,,SCWI,5.93,8.93,12.93,,,,,,,,,,,27.79
BMRV,Assembly,12,1,Add extra gaskets,0.93,,SK,,,,23.3,23.99,24.55,24.42,24.42,24.42,,,,,145.1
BMRVLED,Assembly,4,1,Add extra gaskets,0.93,,SKPLED,5.93,8.93,12.93,,,,,,,,,,,27.79
BMRVLED,Assembly,8,1,Add extra gaskets,0.93,,SKSLED,5.93,8.93,12.93,,,,,,,,,,,27.79
BMRVLED,Assembly,12,1,Add extra gaskets,0.93,,SKVLED,5.93,8.93,12.93,,,,,,,,,,,27.79
BR,Assembly,4,1,Add extra gaskets,0.93,,TEK12,,,5.93,,,,,,,5.93,8.93,12.93,12.93,46.65
BR,Assembly,8,1,Add extra gaskets,0.93,,TEK12LED,,,5.93,,,,,,,5.93,8.93,12.93,12.93,46.65
BR,Assembly,12,1,Add extra gaskets,0.93,,TEK6,,,5.93,,,,,,,5.93,8.93,12.93,12.93,46.65
BRLED,Assembly,4,1,Add extra gaskets,0.93,,TEK6LED,,,5.93,,,,,,,5.93,8.93,12.93,12.93,46.65
BRLED,Assembly,8,1,Add extra gaskets,0.93,,WA,,,5.93,,,,,,,5.93,8.93,12.93,12.93,46.65
BRLED,Assembly,12,1,Add extra gaskets,0.93,,WALED,,,5.93,,,,,,,5.93,8.93,12.93,12.93,46.65
BRLEDPAT,Assembly,4,1,Add extra gaskets,0.93,,WBR,5.93,8.93,12.93,,,,,,,,,,,27.79
BRLEDPAT,Assembly,8,1,Add extra gaskets,0.93,,WBRLED,5.93,8.93,12.93,,,,,,,,,,,27.79
BRLEDPAT,Assembly,12,1,Add extra gaskets,0.93,,Grand Total,251.85,377.85,634.8,23.3,23.99,24.55,24.42,24.42,24.42,88.95,133.95,193.95,193.95,2020.4
BRPAT,Assembly,4,1,Add extra gaskets,0.93,,,,,,,,,,,,,,,,
BRPAT,Assembly,8,1,Add extra gaskets,0.93,,,,,,,,,,,,,,,,
BRPAT,Assembly,12,1,Add extra gaskets,0.93,,,,,,,,,,,,,,,,
BRV,Assembly,4,1,Add extra gaskets,0.93,,,,,,,,,,,,,,,,
BRV,Assembly,8,1,Add extra gaskets,0.93,,,,,,,,,,,,,,,,
BRV,Assembly,12,1,Add extra gaskets,0.93,,,,,,,,,,,,,,,,
BRVLED,Assembly,4,1,Add extra gaskets,0.93,,,,,,,,,,,,,,,,
BRVLED,Assembly,8,1,Add extra gaskets,0.93,,,,,,,,,,,,,,,,
BRVLED,Assembly,12,1,Add extra gaskets,0.93,,,,,,,,,,,,,,,,
DAYC,Assembly,11,1,Add extra gaskets,0.93,,,,,,,,,,,,,,,,
DAYC,Assembly,12,1,Add extra gaskets,0.93,,,,,,,,,,,,,,,,
DAYC,Assembly,14,1,Add extra gaskets,0.93,,,,,,,,,,,,,,,,
DAYC,Assembly,22,1,Add extra gaskets,0.93,,,,,,,,,,,,,,,,
DAYC,Assembly,24,1,Add extra gaskets,0.93,,,,,,,,,,,,,,,,
DAYCLED,Assembly,11,1,Add extra gaskets,0.93,,,,,,,,,,,,,,,,
DAYCLED,Assembly,12,1,Add extra gaskets,0.93,,,,,,,,,,,,,,,,
DAYCLED,Assembly,14,1,Add extra gaskets,0.93,,,,,,,,,,,,,,,,
DAYCLED,Assembly,22,1,Add extra gaskets,0.93,,,,,,,,,,,,,,,,
DAYCLED,Assembly,24,1,Add extra gaskets,0.93,,,,,,,,,,,,,,,,
DAYF,Assembly,11,1,Add extra gaskets,0.93,,,,,,,,,,,,,,,,
DAYF,Assembly,12,1,Add extra gaskets,0.93,,,,,,,,,,,,,,,,
DAYF,Assembly,14,1,Add extra gaskets,0.93,,,,,,,,,,,,,,,,
DAYF,Assembly,22,1,Add extra gaskets,0.93,,,,,,,,,,,,,,,,
DAYF,Assembly,24,1,Add extra gaskets,0.93,,,,,,,,,,,,,,,,
DAYFLED,Assembly,11,1,Add extra gaskets,0.93,,,,,,,,,,,,,,,,
DAYFLED,Assembly,12,1,Add extra gaskets,0.93,,,,,,,,,,,,,,,,
DAYFLED,Assembly,14,1,Add extra gaskets,0.93,,,,,,,,,,,,,,,,
DAYFLED,Assembly,22,1,Add extra gaskets,0.93,,,,,,,,,,,,,,,,
DAYFLED,Assembly,24,1,Add extra gaskets,0.93,,,,,,,,,,,,,,,,
DIA,Assembly,11,1,Add extra gaskets,0.93,,,,,,,,,,,,,,,,
DIA,Assembly,12,1,Add extra gaskets,0.93,,,,,,,,,,,,,,,,
DIA,Assembly,14,1,Add extra gaskets,0.93,,,,,,,,,,,,,,,,
DIA,Assembly,22,1,Add extra gaskets,0.93,,,,,,,,,,,,,,,,
DIA,Assembly,24,1,Add extra gaskets,0.93,,,,,,,,,,,,,,,,
DIALED,Assembly,11,1,Add extra gaskets,0.93,,,,,,,,,,,,,,,,
DIALED,Assembly,12,1,Add extra gaskets,0.93,,,,,,,,,,,,,,,,
DIALED,Assembly,14,1,Add extra gaskets,0.93,,,,,,,,,,,,,,,,
DIALED,Assembly,22,1,Add extra gaskets,0.93,,,,,,,,,,,,,,,,
DIALED,Assembly,24,1,Add extra gaskets,0.93,,,,,,,,,,,,,,,,
DUO,Assembly,11,1,Add extra gaskets,0.93,,,,,,,,,,,,,,,,
DUO,Assembly,12,1,Add extra gaskets,0.93,,,,,,,,,,,,,,,,
DUO,Assembly,14,1,Add extra gaskets,0.93,,,,,,,,,,,,,,,,
DUO,Assembly,22,1,Add extra gaskets,0.93,,,,,,,,,,,,,,,,
DUO,Assembly,24,1,Add extra gaskets,0.93,,,,,,,,,,,,,,,,
PO,Assembly,11,1,Add extra gaskets,0.93,,,,,,,,,,,,,,,,
PO,Assembly,12,1,Add extra gaskets,0.93,,,,,,,,,,,,,,,,
PO,Assembly,14,1,Add extra gaskets,0.93,,,,,,,,,,,,,,,,
PO,Assembly,22,1,Add extra gaskets,0.93,,,,,,,,,,,,,,,,
PO,Assembly,24,1,Add extra gaskets,0.93,,,,,,,,,,,,,,,,
POLED,Assembly,11,1,Add extra gaskets,0.93,,,,,,,,,,,,,,,,
POLED,Assembly,12,1,Add extra gaskets,0.93,,,,,,,,,,,,,,,,
POLED,Assembly,14,1,Add extra gaskets,0.93,,,,,,,,,,,,,,,,
POLED,Assembly,22,1,Add extra gaskets,0.93,,,,,,,,,,,,,,,,
POLED,Assembly,24,1,Add extra gaskets,0.93,,,,,,,,,,,,,,,,
RAY3,Assembly,4,1,Add extra gaskets,0.93,,,,,,,,,,,,,,,,
RAY3,Assembly,8,1,Add extra gaskets,0.93,,,,,,,,,,,,,,,,
RAY3,Assembly,12,1,Add extra gaskets,0.93,,,,,,,,,,,,,,,,
RAY4,Assembly,4,1,Add extra gaskets,0.93,,,,,,,,,,,,,,,,
RAY4,Assembly,8,1,Add extra gaskets,0.93,,,,,,,,,,,,,,,,
RAY4,Assembly,12,1,Add extra gaskets,0.93,,,,,,,,,,,,,,,,
RAY6,Assembly,4,1,Add extra gaskets,0.93,,,,,,,,,,,,,,,,
RAY6,Assembly,8,1,Add extra gaskets,0.93,,,,,,,,,,,,,,,,
RAY6,Assembly,12,1,Add extra gaskets,0.93,,,,,,,,,,,,,,,,
RAY8,Assembly,4,1,Add extra gaskets,0.93,,,,,,,,,,,,,,,,
RAY8,Assembly,8,1,Add extra gaskets,0.93,,,,,,,,,,,,,,,,
RAY8,Assembly,12,1,Add extra gaskets,0.93,,,,,,,,,,,,,,,,
SKPLED,Assembly,4,1,Add extra gaskets,0.93,,,,,,,,,,,,,,,,
SKPLED,Assembly,8,1,Add extra gaskets,0.93,,,,,,,,,,,,,,,,
SKPLED,Assembly,12,1,Add extra gaskets,0.93,,,,,,,,,,,,,,,,
SKSLED,Assembly,4,1,Add extra gaskets,0.93,,,,,,,,,,,,,,,,
SKSLED,Assembly,8,1,Add extra gaskets,0.93,,,,,,,,,,,,,,,,
SKSLED,Assembly,12,1,Add extra gaskets,0.93,,,,,,,,,,,,,,,,
SKVLED,Assembly,4,1,Add extra gaskets,0.93,,,,,,,,,,,,,,,,
SKVLED,Assembly,8,1,Add extra gaskets,0.93,,,,,,,,,,,,,,,,
SKVLED,Assembly,12,1,Add extra gaskets,0.93,,,,,,,,,,,,,,,,
TEK12,Assembly,11,1,Add extra gaskets,0.93,,,,,,,,,,,,,,,,
TEK12,Assembly,12,1,Add extra gaskets,0.93,,,,,,,,,,,,,,,,
TEK12,Assembly,14,1,Add extra gaskets,0.93,,,,,,,,,,,,,,,,
TEK12,Assembly,22,1,Add extra gaskets,0.93,,,,,,,,,,,,,,,,
TEK12,Assembly,24,1,Add extra gaskets,0.93,,,,,,,,,,,,,,,,
TEK12LED,Assembly,11,1,Add extra gaskets,0.93,,,,,,,,,,,,,,,,
TEK12LED,Assembly,12,1,Add extra gaskets,0.93,,,,,,,,,,,,,,,,
TEK12LED,Assembly,14,1,Add extra gaskets,0.93,,,,,,,,,,,,,,,,
TEK12LED,Assembly,22,1,Add extra gaskets,0.93,,,,,,,,,,,,,,,,
TEK12LED,Assembly,24,1,Add extra gaskets,0.93,,,,,,,,,,,,,,,,
TEK6,Assembly,11,1,Add extra gaskets,0.93,,,,,,,,,,,,,,,,
TEK6,Assembly,12,1,Add extra gaskets,0.93,,,,,,,,,,,,,,,,
TEK6,Assembly,14,1,Add extra gaskets,0.93,,,,,,,,,,,,,,,,
TEK6,Assembly,22,1,Add extra gaskets,0.93,,,,,,,,,,,,,,,,
TEK6,Assembly,24,1,Add extra gaskets,0.93,,,,,,,,,,,,,,,,
TEK6LED,Assembly,11,1,Add extra gaskets,0.93,,,,,,,,,,,,,,,,
TEK6LED,Assembly,12,1,Add extra gaskets,0.93,,,,,,,,,,,,,,,,
TEK6LED,Assembly,14,1,Add extra gaskets,0.93,,,,,,,,,,,,,,,,
TEK6LED,Assembly,22,1,Add extra gaskets,0.93,,,,,,,,,,,,,,,,
TEK6LED,Assembly,24,1,Add extra gaskets,0.93,,,,,,,,,,,,,,,,
WA,Assembly,11,1,Add extra gaskets,0.93,,,,,,,,,,,,,,,,
WA,Assembly,12,1,Add extra gaskets,0.93,,,,,,,,,,,,,,,,
WA,Assembly,14,1,Add extra gaskets,0.93,,,,,,,,,,,,,,,,
WA,Assembly,22,1,Add extra gaskets,0.93,,,,,,,,,,,,,,,,
WA,Assembly,24,1,Add extra gaskets,0.93,,,,,,,,,,,,,,,,
WALED,Assembly,11,1,Add extra gaskets,0.93,,,,,,,,,,,,,,,,
WALED,Assembly,12,1,Add extra gaskets,0.93,,,,,,,,,,,,,,,,
WALED,Assembly,14,1,Add extra gaskets,0.93,,,,,,,,,,,,,,,,
WALED,Assembly,22,1,Add extra gaskets,0.93,,,,,,,,,,,,,,,,
WALED,Assembly,24,1,Add extra gaskets,0.93,,,,,,,,,,,,,,,,
WBR,Assembly,4,1,Add extra gaskets,0.93,,,,,,,,,,,,,,,,
WBR,Assembly,8,1,Add extra gaskets,0.93,,,,,,,,,,,,,,,,
WBR,Assembly,12,1,Add extra gaskets,0.93,,,,,,,,,,,,,,,,
WBRLED,Assembly,4,1,Add extra gaskets,0.93,,,,,,,,,,,,,,,,
WBRLED,Assembly,8,1,Add extra gaskets,0.93,,,,,,,,,,,,,,,,
WBRLED,Assembly,12,1,Add extra gaskets,0.93,,,,,,,,,,,,,,,,
SCAC,Assembly,4,1, add extra gaskets ,0.93,,,,,,,,,,,,,,,,
SCAC,Assembly,8,1,Add extra gaskets,0.93,,,,,,,,,,,,,,,,
SCAC,Assembly,12,1,Add extra gaskets,0.93,,,,,,,,,,,,,,,,
SCDLAC,Assembly,4,1,add extra gaskets,0.93,,,,,,,,,,,,,,,,
SCDLAC,Assembly,8,1,Add extra gaskets,0.93,,,,,,,,,,,,,,,,
SCDLAC,Assembly,12,1,Add extra gaskets,0.93,,,,,,,,,,,,,,,,
SCI,Assembly,4,1,add extra gaskets,0.93,,,,,,,,,,,,,,,,
SCI,Assembly,8,1,Add extra gaskets,0.93,,,,,,,,,,,,,,,,
SCI,Assembly,12,1,Add extra gaskets,0.93,,,,,,,,,,,,,,,,
SCILAC,Assembly,4,1,add extra gaskets,0.93,,,,,,,,,,,,,,,,
SCILAC,Assembly,8,1,Add extra gaskets,0.93,,,,,,,,,,,,,,,,
SCILAC,Assembly,12,1,Add extra gaskets,0.93,,,,,,,,,,,,,,,,
SCRAC,Assembly,4,1,add extra gaskets,0.93,,,,,,,,,,,,,,,,
SCRAC,Assembly,8,1,Add extra gaskets,0.93,,,,,,,,,,,,,,,,
SCRAC,Assembly,12,1,Add extra gaskets,0.93,,,,,,,,,,,,,,,,
SCRLAC,Assembly,4,1,add extra gaskets,0.93,,,,,,,,,,,,,,,,
SCRLAC,Assembly,8,1,Add extra gaskets,0.93,,,,,,,,,,,,,,,,
SCRLAC,Assembly,12,1,Add extra gaskets,0.93,,,,,,,,,,,,,,,,
SCSLAC,Assembly,4,1,add extra gaskets,0.93,,,,,,,,,,,,,,,,
SCSLAC,Assembly,8,1,Add extra gaskets,0.93,,,,,,,,,,,,,,,,
SCSLAC,Assembly,12,1,Add extra gaskets,0.93,,,,,,,,,,,,,,,,
SCSAC,Assembly,4,1,add extra gaskets,0.93,,,,,,,,,,,,,,,,
SCSAC,Assembly,8,1,Add extra gaskets,0.93,,,,,,,,,,,,,,,,
SCSAC,Assembly,12,1,Add extra gaskets,0.93,,,,,,,,,,,,,,,,
SCWI,Assembly,4,1,add extra gaskets,0.93,,,,,,,,,,,,,,,,
SCWI,Assembly,8,1,Add extra gaskets,0.93,,,,,,,,,,,,,,,,
SCWI,Assembly,12,1,Add extra gaskets,0.93,,,,,,,,,,,,,,,,
SK,Assembly,10003,3,Apply silicone in all openning slot,1.25,,,,,,,,,,,,,,,,
SK,Assembly,10005,3,Apply silicone in all openning slot,2.5,,,,,,,,,,,,,,,,
SK,Assembly,10008,3,Apply silicone in all openning slot,2.5,,,,,,,,,,,,,,,,
SK,Assembly,10013,3,Apply silicone in all openning slot,1.25,,,,,,,,,,,,,,,,
SK,Assembly,10018,3,Apply silicone in all openning slot,1.25,,,,,,,,,,,,,,,,
SK,Assembly,10023,3,Apply silicone in all openning slot,1.25,,,,,,,,,,,,,,,,
SK,Assembly,10003,4,Drying time,20,,,,,,,,,,,,,,,,
SK,Assembly,10005,4,Drying time,20,,,,,,,,,,,,,,,,
SK,Assembly,10008,4,Drying time,20,,,,,,,,,,,,,,,,
SK,Assembly,10013,4,Drying time,20,,,,,,,,,,,,,,,,
SK,Assembly,10018,4,Drying time,20,,,,,,,,,,,,,,,,
SK,Assembly,10023,4,Drying time,20,,,,,,,,,,,,,,,,
SK,Assembly,10003,2,Fix back plate with rubber (For Chicago Plenum option),0.93,,,,,,,,,,,,,,,,
SK,Assembly,10005,2,Fix back plate with rubber (For Chicago Plenum option),0.93,,,,,,,,,,,,,,,,
SK,Assembly,10008,2,Fix back plate with rubber (For Chicago Plenum option),0.93,,,,,,,,,,,,,,,,
SK,Assembly,10013,2,Fix back plate with rubber (For Chicago Plenum option),0.93,,,,,,,,,,,,,,,,
SK,Assembly,10018,2,Fix back plate with rubber (For Chicago Plenum option),0.93,,,,,,,,,,,,,,,,
SK,Assembly,10023,2,Fix back plate with rubber (For Chicago Plenum option),0.93,,,,,,,,,,,,,,,,
SK,Assembly,10003,1,Fix Chicago Plenum brkt to cover each ceiling brkt,1.12,,,,,,,,,,,,,,,,
SK,Assembly,10005,1,Fix Chicago Plenum brkt to cover each ceiling brkt,0.56,,,,,,,,,,,,,,,,
SK,Assembly,10008,1,Fix Chicago Plenum brkt to cover each ceiling brkt,1.12,,,,,,,,,,,,,,,,
SK,Assembly,10013,1,Fix Chicago Plenum brkt to cover each ceiling brkt,2.24,,,,,,,,,,,,,,,,
SK,Assembly,10018,1,Fix Chicago Plenum brkt to cover each ceiling brkt,2.24,,,,,,,,,,,,,,,,
SK,Assembly,10023,1,Fix Chicago Plenum brkt to cover each ceiling brkt,2.24,,,,,,,,,,,,,,,,
SCR,Assembly,4,1,fix FW for CP with gasket,0.93,,,,,,,,,,,,,,,,
SCR,Assembly,8,1,fix FW for CP with gasket,0.93,,,,,,,,,,,,,,,,
SCR,Assembly,12,1,fix FW for CP with gasket,0.93,,,,,,,,,,,,,,,,
SCRPAT,Assembly,4,1,fix FW for CP with gasket,0.93,,,,,,,,,,,,,,,,
SCRPAT,Assembly,8,1,fix FW for CP with gasket,0.93,,,,,,,,,,,,,,,,
SCRPAT,Assembly,12,1,fix FW for CP with gasket,0.93,,,,,,,,,,,,,,,,
SCRV,Assembly,4,1,fix FW for CP with gasket,0.93,,,,,,,,,,,,,,,,
SCRV,Assembly,8,1,fix FW for CP with gasket,0.93,,,,,,,,,,,,,,,,
SCRV,Assembly,12,1,fix FW for CP with gasket,0.93,,,,,,,,,,,,,,,,
B6R,Assembly,4,2,Silicone,5,,,,,,,,,,,,,,,,
B6R,Assembly,8,2,Silicone,8,,,,,,,,,,,,,,,,
B6R,Assembly,12,2,Silicone,12,,,,,,,,,,,,,,,,
B6RLED,Assembly,4,2,Silicone,5,,,,,,,,,,,,,,,,
B6RLED,Assembly,8,2,Silicone,8,,,,,,,,,,,,,,,,
B6RLED,Assembly,12,2,Silicone,12,,,,,,,,,,,,,,,,
B6RLEDPAT,Assembly,4,2,Silicone,5,,,,,,,,,,,,,,,,
B6RLEDPAT,Assembly,8,2,Silicone,8,,,,,,,,,,,,,,,,
B6RLEDPAT,Assembly,12,2,Silicone,12,,,,,,,,,,,,,,,,
B6RPAT,Assembly,4,2,Silicone,5,,,,,,,,,,,,,,,,
B6RPAT,Assembly,8,2,Silicone,8,,,,,,,,,,,,,,,,
B6RPAT,Assembly,12,2,Silicone,12,,,,,,,,,,,,,,,,
B6RV,Assembly,4,2,Silicone,5,,,,,,,,,,,,,,,,
B6RV,Assembly,8,2,Silicone,8,,,,,,,,,,,,,,,,
B6RV,Assembly,12,2,Silicone,12,,,,,,,,,,,,,,,,
B6RVLED,Assembly,4,2,Silicone,5,,,,,,,,,,,,,,,,
B6RVLED,Assembly,8,2,Silicone,8,,,,,,,,,,,,,,,,
B6RVLED,Assembly,12,2,Silicone,12,,,,,,,,,,,,,,,,
BBR,Assembly,4,2,Silicone,5,,,,,,,,,,,,,,,,
BBR,Assembly,8,2,Silicone,8,,,,,,,,,,,,,,,,
BBR,Assembly,12,2,Silicone,12,,,,,,,,,,,,,,,,
BBRLED,Assembly,4,2,Silicone,5,,,,,,,,,,,,,,,,
BBRLED,Assembly,8,2,Silicone,8,,,,,,,,,,,,,,,,
BBRLED,Assembly,12,2,Silicone,12,,,,,,,,,,,,,,,,
BBRLEDPAT,Assembly,4,2,Silicone,5,,,,,,,,,,,,,,,,
BBRLEDPAT,Assembly,8,2,Silicone,8,,,,,,,,,,,,,,,,
BBRLEDPAT,Assembly,12,2,Silicone,12,,,,,,,,,,,,,,,,
BBRPAT,Assembly,4,2,Silicone,5,,,,,,,,,,,,,,,,
BBRPAT,Assembly,8,2,Silicone,8,,,,,,,,,,,,,,,,
BBRPAT,Assembly,12,2,Silicone,12,,,,,,,,,,,,,,,,
BBRV,Assembly,4,2,Silicone,5,,,,,,,,,,,,,,,,
BBRV,Assembly,8,2,Silicone,8,,,,,,,,,,,,,,,,
BBRV,Assembly,12,2,Silicone,12,,,,,,,,,,,,,,,,
BBRVLED,Assembly,4,2,Silicone,5,,,,,,,,,,,,,,,,
BBRVLED,Assembly,8,2,Silicone,8,,,,,,,,,,,,,,,,
BBRVLED,Assembly,12,2,Silicone,12,,,,,,,,,,,,,,,,
BMR,Assembly,4,2,Silicone,5,,,,,,,,,,,,,,,,
BMR,Assembly,8,2,Silicone,8,,,,,,,,,,,,,,,,
BMR,Assembly,12,2,Silicone,12,,,,,,,,,,,,,,,,
BMRLED,Assembly,4,2,Silicone,5,,,,,,,,,,,,,,,,
BMRLED,Assembly,8,2,Silicone,8,,,,,,,,,,,,,,,,
BMRLED,Assembly,12,2,Silicone,12,,,,,,,,,,,,,,,,
BMRLEDPAT,Assembly,4,2,Silicone,5,,,,,,,,,,,,,,,,
BMRLEDPAT,Assembly,8,2,Silicone,8,,,,,,,,,,,,,,,,
BMRLEDPAT,Assembly,12,2,Silicone,12,,,,,,,,,,,,,,,,
BMRPAT,Assembly,4,2,Silicone,5,,,,,,,,,,,,,,,,
BMRPAT,Assembly,8,2,Silicone,8,,,,,,,,,,,,,,,,
BMRPAT,Assembly,12,2,Silicone,12,,,,,,,,,,,,,,,,
BMRV,Assembly,4,2,Silicone,5,,,,,,,,,,,,,,,,
BMRV,Assembly,8,2,Silicone,8,,,,,,,,,,,,,,,,
BMRV,Assembly,12,2,Silicone,12,,,,,,,,,,,,,,,,
BMRVLED,Assembly,4,2,Silicone,5,,,,,,,,,,,,,,,,
BMRVLED,Assembly,8,2,Silicone,8,,,,,,,,,,,,,,,,
BMRVLED,Assembly,12,2,Silicone,12,,,,,,,,,,,,,,,,
BR,Assembly,4,2,Silicone,5,,,,,,,,,,,,,,,,
BR,Assembly,8,2,Silicone,8,,,,,,,,,,,,,,,,
BR,Assembly,12,2,Silicone,12,,,,,,,,,,,,,,,,
BRLED,Assembly,4,2,Silicone,5,,,,,,,,,,,,,,,,
BRLED,Assembly,8,2,Silicone,8,,,,,,,,,,,,,,,,
BRLED,Assembly,12,2,Silicone,12,,,,,,,,,,,,,,,,
BRLEDPAT,Assembly,4,2,Silicone,5,,,,,,,,,,,,,,,,
BRLEDPAT,Assembly,8,2,Silicone,8,,,,,,,,,,,,,,,,
BRLEDPAT,Assembly,12,2,Silicone,12,,,,,,,,,,,,,,,,
BRPAT,Assembly,4,2,Silicone,5,,,,,,,,,,,,,,,,
BRPAT,Assembly,8,2,Silicone,8,,,,,,,,,,,,,,,,
BRPAT,Assembly,12,2,Silicone,12,,,,,,,,,,,,,,,,
BRV,Assembly,4,2,Silicone,5,,,,,,,,,,,,,,,,
BRV,Assembly,8,2,Silicone,8,,,,,,,,,,,,,,,,
BRV,Assembly,12,2,Silicone,12,,,,,,,,,,,,,,,,
BRVLED,Assembly,4,2,Silicone,5,,,,,,,,,,,,,,,,
BRVLED,Assembly,8,2,Silicone,8,,,,,,,,,,,,,,,,
BRVLED,Assembly,12,2,Silicone,12,,,,,,,,,,,,,,,,
DAYC,Assembly,11,2,Silicone,5,,,,,,,,,,,,,,,,
DAYC,Assembly,12,2,Silicone,5,,,,,,,,,,,,,,,,
DAYC,Assembly,14,2,Silicone,8,,,,,,,,,,,,,,,,
DAYC,Assembly,22,2,Silicone,12,,,,,,,,,,,,,,,,
DAYC,Assembly,24,2,Silicone,12,,,,,,,,,,,,,,,,
DAYCLED,Assembly,11,2,Silicone,5,,,,,,,,,,,,,,,,
DAYCLED,Assembly,12,2,Silicone,5,,,,,,,,,,,,,,,,
DAYCLED,Assembly,14,2,Silicone,8,,,,,,,,,,,,,,,,
DAYCLED,Assembly,22,2,Silicone,12,,,,,,,,,,,,,,,,
DAYCLED,Assembly,24,2,Silicone,12,,,,,,,,,,,,,,,,
DAYF,Assembly,11,2,Silicone,5,,,,,,,,,,,,,,,,
DAYF,Assembly,12,2,Silicone,5,,,,,,,,,,,,,,,,
DAYF,Assembly,14,2,Silicone,8,,,,,,,,,,,,,,,,
DAYF,Assembly,22,2,Silicone,12,,,,,,,,,,,,,,,,
DAYF,Assembly,24,2,Silicone,12,,,,,,,,,,,,,,,,
DAYFLED,Assembly,11,2,Silicone,5,,,,,,,,,,,,,,,,
DAYFLED,Assembly,12,2,Silicone,5,,,,,,,,,,,,,,,,
DAYFLED,Assembly,14,2,Silicone,8,,,,,,,,,,,,,,,,
DAYFLED,Assembly,22,2,Silicone,12,,,,,,,,,,,,,,,,
DAYFLED,Assembly,24,2,Silicone,12,,,,,,,,,,,,,,,,
DIA,Assembly,11,2,Silicone,5,,,,,,,,,,,,,,,,
DIA,Assembly,12,2,Silicone,5,,,,,,,,,,,,,,,,
DIA,Assembly,14,2,Silicone,8,,,,,,,,,,,,,,,,
DIA,Assembly,22,2,Silicone,12,,,,,,,,,,,,,,,,
DIA,Assembly,24,2,Silicone,12,,,,,,,,,,,,,,,,
DIALED,Assembly,11,2,Silicone,5,,,,,,,,,,,,,,,,
DIALED,Assembly,12,2,Silicone,5,,,,,,,,,,,,,,,,
DIALED,Assembly,14,2,Silicone,8,,,,,,,,,,,,,,,,
DIALED,Assembly,22,2,Silicone,12,,,,,,,,,,,,,,,,
DIALED,Assembly,24,2,Silicone,12,,,,,,,,,,,,,,,,
DUO,Assembly,11,2,Silicone,5,,,,,,,,,,,,,,,,
DUO,Assembly,12,2,Silicone,5,,,,,,,,,,,,,,,,
DUO,Assembly,14,2,Silicone,8,,,,,,,,,,,,,,,,
DUO,Assembly,22,2,Silicone,12,,,,,,,,,,,,,,,,
DUO,Assembly,24,2,Silicone,12,,,,,,,,,,,,,,,,
PO,Assembly,11,2,Silicone,5,,,,,,,,,,,,,,,,
PO,Assembly,12,2,Silicone,5,,,,,,,,,,,,,,,,
PO,Assembly,14,2,Silicone,8,,,,,,,,,,,,,,,,
PO,Assembly,22,2,Silicone,12,,,,,,,,,,,,,,,,
PO,Assembly,24,2,Silicone,12,,,,,,,,,,,,,,,,
POLED,Assembly,11,2,Silicone,5,,,,,,,,,,,,,,,,
POLED,Assembly,12,2,Silicone,5,,,,,,,,,,,,,,,,
POLED,Assembly,14,2,Silicone,8,,,,,,,,,,,,,,,,
POLED,Assembly,22,2,Silicone,12,,,,,,,,,,,,,,,,
POLED,Assembly,24,2,Silicone,12,,,,,,,,,,,,,,,,
RAY3,Assembly,4,2,Silicone,5,,,,,,,,,,,,,,,,
RAY3,Assembly,8,2,Silicone,8,,,,,,,,,,,,,,,,
RAY3,Assembly,12,2,Silicone,12,,,,,,,,,,,,,,,,
RAY4,Assembly,4,2,Silicone,5,,,,,,,,,,,,,,,,
RAY4,Assembly,8,2,Silicone,8,,,,,,,,,,,,,,,,
RAY4,Assembly,12,2,Silicone,12,,,,,,,,,,,,,,,,
RAY6,Assembly,4,2,Silicone,5,,,,,,,,,,,,,,,,
RAY6,Assembly,8,2,Silicone,8,,,,,,,,,,,,,,,,
RAY6,Assembly,12,2,Silicone,12,,,,,,,,,,,,,,,,
RAY8,Assembly,4,2,Silicone,5,,,,,,,,,,,,,,,,
RAY8,Assembly,8,2,Silicone,8,,,,,,,,,,,,,,,,
RAY8,Assembly,12,2,Silicone,12,,,,,,,,,,,,,,,,
SKPLED,Assembly,4,2,Silicone,5,,,,,,,,,,,,,,,,
SKPLED,Assembly,8,2,Silicone,8,,,,,,,,,,,,,,,,
SKPLED,Assembly,12,2,Silicone,12,,,,,,,,,,,,,,,,
SKSLED,Assembly,4,2,Silicone,5,,,,,,,,,,,,,,,,
SKSLED,Assembly,8,2,Silicone,8,,,,,,,,,,,,,,,,
SKSLED,Assembly,12,2,Silicone,12,,,,,,,,,,,,,,,,
SKVLED,Assembly,4,2,Silicone,5,,,,,,,,,,,,,,,,
SKVLED,Assembly,8,2,Silicone,8,,,,,,,,,,,,,,,,
SKVLED,Assembly,12,2,Silicone,12,,,,,,,,,,,,,,,,
TEK12,Assembly,11,2,Silicone,5,,,,,,,,,,,,,,,,
TEK12,Assembly,12,2,Silicone,5,,,,,,,,,,,,,,,,
TEK12,Assembly,14,2,Silicone,8,,,,,,,,,,,,,,,,
TEK12,Assembly,22,2,Silicone,12,,,,,,,,,,,,,,,,
TEK12,Assembly,24,2,Silicone,12,,,,,,,,,,,,,,,,
TEK12LED,Assembly,11,2,Silicone,5,,,,,,,,,,,,,,,,
TEK12LED,Assembly,12,2,Silicone,5,,,,,,,,,,,,,,,,
TEK12LED,Assembly,14,2,Silicone,8,,,,,,,,,,,,,,,,
TEK12LED,Assembly,22,2,Silicone,12,,,,,,,,,,,,,,,,
TEK12LED,Assembly,24,2,Silicone,12,,,,,,,,,,,,,,,,
TEK6,Assembly,11,2,Silicone,5,,,,,,,,,,,,,,,,
TEK6,Assembly,12,2,Silicone,5,,,,,,,,,,,,,,,,
TEK6,Assembly,14,2,Silicone,8,,,,,,,,,,,,,,,,
TEK6,Assembly,22,2,Silicone,12,,,,,,,,,,,,,,,,
TEK6,Assembly,24,2,Silicone,12,,,,,,,,,,,,,,,,
TEK6LED,Assembly,11,2,Silicone,5,,,,,,,,,,,,,,,,
TEK6LED,Assembly,12,2,Silicone,5,,,,,,,,,,,,,,,,
TEK6LED,Assembly,14,2,Silicone,8,,,,,,,,,,,,,,,,
TEK6LED,Assembly,22,2,Silicone,12,,,,,,,,,,,,,,,,
TEK6LED,Assembly,24,2,Silicone,12,,,,,,,,,,,,,,,,
WA,Assembly,11,2,Silicone,5,,,,,,,,,,,,,,,,
WA,Assembly,12,2,Silicone,5,,,,,,,,,,,,,,,,
WA,Assembly,14,2,Silicone,8,,,,,,,,,,,,,,,,
WA,Assembly,22,2,Silicone,12,,,,,,,,,,,,,,,,
WA,Assembly,24,2,Silicone,12,,,,,,,,,,,,,,,,
WALED,Assembly,11,2,Silicone,5,,,,,,,,,,,,,,,,
WALED,Assembly,12,2,Silicone,5,,,,,,,,,,,,,,,,
WALED,Assembly,14,2,Silicone,8,,,,,,,,,,,,,,,,
WALED,Assembly,22,2,Silicone,12,,,,,,,,,,,,,,,,
WALED,Assembly,24,2,Silicone,12,,,,,,,,,,,,,,,,
WBR,Assembly,4,2,Silicone,5,,,,,,,,,,,,,,,,
WBR,Assembly,8,2,Silicone,8,,,,,,,,,,,,,,,,
WBR,Assembly,12,2,Silicone,12,,,,,,,,,,,,,,,,
WBRLED,Assembly,4,2,Silicone,5,,,,,,,,,,,,,,,,
WBRLED,Assembly,8,2,Silicone,8,,,,,,,,,,,,,,,,
WBRLED,Assembly,12,2,Silicone,12,,,,,,,,,,,,,,,,
SCAC,Assembly,4,2, silicone ,5,,,,,,,,,,,,,,,,
SCAC,Assembly,8,2,Silicone,8,,,,,,,,,,,,,,,,
SCAC,Assembly,12,2,Silicone,12,,,,,,,,,,,,,,,,
SCDLAC,Assembly,4,2,silicone,5,,,,,,,,,,,,,,,,
SCDLAC,Assembly,8,2,Silicone,8,,,,,,,,,,,,,,,,
SCDLAC,Assembly,12,2,Silicone,12,,,,,,,,,,,,,,,,
SCI,Assembly,4,2,silicone,5,,,,,,,,,,,,,,,,
SCI,Assembly,8,2,Silicone,8,,,,,,,,,,,,,,,,
SCI,Assembly,12,2,Silicone,12,,,,,,,,,,,,,,,,
SCILAC,Assembly,4,2,silicone,5,,,,,,,,,,,,,,,,
SCILAC,Assembly,8,2,Silicone,8,,,,,,,,,,,,,,,,
SCILAC,Assembly,12,2,Silicone,12,,,,,,,,,,,,,,,,
SCRAC,Assembly,4,2,silicone,5,,,,,,,,,,,,,,,,
SCRAC,Assembly,8,2,Silicone,8,,,,,,,,,,,,,,,,
SCRAC,Assembly,12,2,Silicone,12,,,,,,,,,,,,,,,,
SCRLAC,Assembly,4,2,silicone,5,,,,,,,,,,,,,,,,
SCRLAC,Assembly,8,2,Silicone,8,,,,,,,,,,,,,,,,
SCRLAC,Assembly,12,2,Silicone,12,,,,,,,,,,,,,,,,
SCSLAC,Assembly,4,2,silicone,5,,,,,,,,,,,,,,,,
SCSLAC,Assembly,8,2,Silicone,8,,,,,,,,,,,,,,,,
SCSLAC,Assembly,12,2,Silicone,12,,,,,,,,,,,,,,,,
SCSAC,Assembly,4,2,silicone,5,,,,,,,,,,,,,,,,
SCSAC,Assembly,8,2,Silicone,8,,,,,,,,,,,,,,,,
SCSAC,Assembly,12,2,Silicone,12,,,,,,,,,,,,,,,,
SCWI,Assembly,4,2,silicone,5,,,,,,,,,,,,,,,,
SCWI,Assembly,8,2,Silicone,8,,,,,,,,,,,,,,,,
SCWI,Assembly,12,2,Silicone,12,,,,,,,,,,,,,,,,
