 Product ID , Work Center , Length , ID , Activity , Total time (min) ,,,Sum of Total time (min),Column Labels,,,,,,,,,,
101C,Assembly,4,2,try up light reflector,0.17,,,Row Labels,4,8,12,10003,10005,10008,10013,10018,10023,22,Grand Total
101C,Assembly,4,3,try down light reflector,0.17,,,101C,4.34,8.5,12.66,,,,,,,,25.5
101C,Assembly,8,2,try up light reflector,0.25,,,Assembly,0.34,0.5,0.66,,,,,,,,1.5
101C,Assembly,8,3,try down light reflector,0.25,,,Preparation,4,8,12,,,,,,,,24
101C,Assembly,12,2,try up light reflector,0.33,,,101CA,4.34,8.5,12.66,,,,,,,,25.5
101C,Assembly,12,3,try down light reflector,0.33,,,Assembly,0.34,0.5,0.66,,,,,,,,1.5
101CA,Assembly,4,2,try up light reflector,0.17,,,Preparation,4,8,12,,,,,,,,24
101CA,Assembly,4,3,try down light reflector,0.17,,,101CS,4.34,8.5,12.66,,,,,,,,25.5
101CA,Assembly,8,2,try up light reflector,0.25,,,Assembly,0.34,0.5,0.66,,,,,,,,1.5
101CA,Assembly,8,3,try down light reflector,0.25,,,Preparation,4,8,12,,,,,,,,24
101CA,Assembly,12,2,try up light reflector,0.33,,,101CW,4.34,8.5,12.66,,,,,,,,25.5
101CA,Assembly,12,3,try down light reflector,0.33,,,Assembly,0.34,0.5,0.66,,,,,,,,1.5
101CS,Assembly,4,2,try up light reflector,0.17,,,Preparation,4,8,12,,,,,,,,24
101CS,Assembly,4,3,try down light reflector,0.17,,,101CWA,4.34,8.5,12.66,,,,,,,,25.5
101CS,Assembly,8,2,try up light reflector,0.25,,,Assembly,0.34,0.5,0.66,,,,,,,,1.5
101CS,Assembly,8,3,try down light reflector,0.25,,,Preparation,4,8,12,,,,,,,,24
101CS,Assembly,12,2,try up light reflector,0.33,,,101F,4.34,8.5,12.66,,,,,,,,25.5
101CS,Assembly,12,3,try down light reflector,0.33,,,Assembly,0.34,0.5,0.66,,,,,,,,1.5
101CW,Assembly,4,2,try up light reflector,0.17,,,Preparation,4,8,12,,,,,,,,24
101CW,Assembly,4,3,try down light reflector,0.17,,,101FA,4.34,8.5,12.66,,,,,,,,25.5
101CW,Assembly,8,2,try up light reflector,0.25,,,Assembly,0.34,0.5,0.66,,,,,,,,1.5
101CW,Assembly,8,3,try down light reflector,0.25,,,Preparation,4,8,12,,,,,,,,24
101CW,Assembly,12,2,try up light reflector,0.33,,,101FW,4.34,8.5,12.66,,,,,,,,25.5
101CW,Assembly,12,3,try down light reflector,0.33,,,Assembly,0.34,0.5,0.66,,,,,,,,1.5
101CWA,Assembly,4,2,try up light reflector,0.17,,,Preparation,4,8,12,,,,,,,,24
101CWA,Assembly,4,3,try down light reflector,0.17,,,101FWA,4.34,8.5,12.66,,,,,,,,25.5
101CWA,Assembly,8,2,try up light reflector,0.25,,,Assembly,0.34,0.5,0.66,,,,,,,,1.5
101CWA,Assembly,8,3,try down light reflector,0.25,,,Preparation,4,8,12,,,,,,,,24
101CWA,Assembly,12,2,try up light reflector,0.33,,,202C,4.34,8.5,12.66,,,,,,,,25.5
101CWA,Assembly,12,3,try down light reflector,0.33,,,Assembly,0.34,0.5,0.66,,,,,,,,1.5
101F,Assembly,4,2,try up light reflector,0.17,,,Preparation,4,8,12,,,,,,,,24
101F,Assembly,4,3,try down light reflector,0.17,,,202CA,4.34,8.5,12.66,,,,,,,,25.5
101F,Assembly,8,2,try up light reflector,0.25,,,Assembly,0.34,0.5,0.66,,,,,,,,1.5
101F,Assembly,8,3,try down light reflector,0.25,,,Preparation,4,8,12,,,,,,,,24
101F,Assembly,12,2,try up light reflector,0.33,,,202CS,4.34,8.5,12.66,,,,,,,,25.5
101F,Assembly,12,3,try down light reflector,0.33,,,Assembly,0.34,0.5,0.66,,,,,,,,1.5
101FA,Assembly,4,2,try up light reflector,0.17,,,Preparation,4,8,12,,,,,,,,24
101FA,Assembly,4,3,try down light reflector,0.17,,,202CW,4.34,8.5,12.66,,,,,,,,25.5
101FA,Assembly,8,2,try up light reflector,0.25,,,Assembly,0.34,0.5,0.66,,,,,,,,1.5
101FA,Assembly,8,3,try down light reflector,0.25,,,Preparation,4,8,12,,,,,,,,24
101FA,Assembly,12,2,try up light reflector,0.33,,,202CWA,4.34,8.5,12.66,,,,,,,,25.5
101FA,Assembly,12,3,try down light reflector,0.33,,,Assembly,0.34,0.5,0.66,,,,,,,,1.5
101FW,Assembly,4,2,try up light reflector,0.17,,,Preparation,4,8,12,,,,,,,,24
101FW,Assembly,4,3,try down light reflector,0.17,,,202F,4.34,8.5,12.66,,,,,,,,25.5
101FW,Assembly,8,2,try up light reflector,0.25,,,Assembly,0.34,0.5,0.66,,,,,,,,1.5
101FW,Assembly,8,3,try down light reflector,0.25,,,Preparation,4,8,12,,,,,,,,24
101FW,Assembly,12,2,try up light reflector,0.33,,,202FA,4.34,8.5,12.66,,,,,,,,25.5
101FW,Assembly,12,3,try down light reflector,0.33,,,Assembly,0.34,0.5,0.66,,,,,,,,1.5
101FWA,Assembly,4,2,try up light reflector,0.17,,,Preparation,4,8,12,,,,,,,,24
101FWA,Assembly,4,3,try down light reflector,0.17,,,202FW,4.34,8.5,12.66,,,,,,,,25.5
101FWA,Assembly,8,2,try up light reflector,0.25,,,Assembly,0.34,0.5,0.66,,,,,,,,1.5
101FWA,Assembly,8,3,try down light reflector,0.25,,,Preparation,4,8,12,,,,,,,,24
101FWA,Assembly,12,2,try up light reflector,0.33,,,202FWA,4.34,8.5,12.66,,,,,,,,25.5
101FWA,Assembly,12,3,try down light reflector,0.33,,,Assembly,0.34,0.5,0.66,,,,,,,,1.5
202C,Assembly,4,2,try up light reflector,0.17,,,Preparation,4,8,12,,,,,,,,24
202C,Assembly,4,3,try down light reflector,0.17,,,ARC,4.34,8.5,12.66,,,,,,,,25.5
202C,Assembly,8,2,try up light reflector,0.25,,,Assembly,0.34,0.5,0.66,,,,,,,,1.5
202C,Assembly,8,3,try down light reflector,0.25,,,Preparation,4,8,12,,,,,,,,24
202C,Assembly,12,2,try up light reflector,0.33,,,ARCA,4.34,8.5,12.66,,,,,,,,25.5
202C,Assembly,12,3,try down light reflector,0.33,,,Assembly,0.34,0.5,0.66,,,,,,,,1.5
202CA,Assembly,4,2,try up light reflector,0.17,,,Preparation,4,8,12,,,,,,,,24
202CA,Assembly,4,3,try down light reflector,0.17,,,ARCW,4.34,8.5,12.66,,,,,,,,25.5
202CA,Assembly,8,2,try up light reflector,0.25,,,Assembly,0.34,0.5,0.66,,,,,,,,1.5
202CA,Assembly,8,3,try down light reflector,0.25,,,Preparation,4,8,12,,,,,,,,24
202CA,Assembly,12,2,try up light reflector,0.33,,,ARCWA,4.34,8.5,12.66,,,,,,,,25.5
202CA,Assembly,12,3,try down light reflector,0.33,,,Assembly,0.34,0.5,0.66,,,,,,,,1.5
202CS,Assembly,4,2,try up light reflector,0.17,,,Preparation,4,8,12,,,,,,,,24
202CS,Assembly,4,3,try down light reflector,0.17,,,BAS,4.34,8.5,12.66,,,,,,,,25.5
202CS,Assembly,8,2,try up light reflector,0.25,,,Assembly,0.34,0.5,0.66,,,,,,,,1.5
202CS,Assembly,8,3,try down light reflector,0.25,,,Preparation,4,8,12,,,,,,,,24
202CS,Assembly,12,2,try up light reflector,0.33,,,BASA,4.34,8.5,12.66,,,,,,,,25.5
202CS,Assembly,12,3,try down light reflector,0.33,,,Assembly,0.34,0.5,0.66,,,,,,,,1.5
202CW,Assembly,4,2,try up light reflector,0.17,,,Preparation,4,8,12,,,,,,,,24
202CW,Assembly,4,3,try down light reflector,0.17,,,BASS,4.34,8.5,12.66,,,,,,,,25.5
202CW,Assembly,8,2,try up light reflector,0.25,,,Assembly,0.34,0.5,0.66,,,,,,,,1.5
202CW,Assembly,8,3,try down light reflector,0.25,,,Preparation,4,8,12,,,,,,,,24
202CW,Assembly,12,2,try up light reflector,0.33,,,BASW,4.34,8.5,12.66,,,,,,,,25.5
202CW,Assembly,12,3,try down light reflector,0.33,,,Assembly,0.34,0.5,0.66,,,,,,,,1.5
202CWA,Assembly,4,2,try up light reflector,0.17,,,Preparation,4,8,12,,,,,,,,24
202CWA,Assembly,4,3,try down light reflector,0.17,,,BASWA,4.34,8.5,12.66,,,,,,,,25.5
202CWA,Assembly,8,2,try up light reflector,0.25,,,Assembly,0.34,0.5,0.66,,,,,,,,1.5
202CWA,Assembly,8,3,try down light reflector,0.25,,,Preparation,4,8,12,,,,,,,,24
202CWA,Assembly,12,2,try up light reflector,0.33,,,CU,4.34,8.5,12.66,,,,,,,,25.5
202CWA,Assembly,12,3,try down light reflector,0.33,,,Assembly,0.34,0.5,0.66,,,,,,,,1.5
202F,Assembly,4,2,try up light reflector,0.17,,,Preparation,4,8,12,,,,,,,,24
202F,Assembly,4,3,try down light reflector,0.17,,,CUA,4.34,8.5,12.66,,,,,,,,25.5
202F,Assembly,8,2,try up light reflector,0.25,,,Assembly,0.34,0.5,0.66,,,,,,,,1.5
202F,Assembly,8,3,try down light reflector,0.25,,,Preparation,4,8,12,,,,,,,,24
202F,Assembly,12,2,try up light reflector,0.33,,,CUB,4.34,8.5,12.66,,,,,,,,25.5
202F,Assembly,12,3,try down light reflector,0.33,,,Assembly,0.34,0.5,0.66,,,,,,,,1.5
202FA,Assembly,4,2,try up light reflector,0.17,,,Preparation,4,8,12,,,,,,,,24
202FA,Assembly,4,3,try down light reflector,0.17,,,CUBA,4.34,8.5,12.66,,,,,,,,25.5
202FA,Assembly,8,2,try up light reflector,0.25,,,Assembly,0.34,0.5,0.66,,,,,,,,1.5
202FA,Assembly,8,3,try down light reflector,0.25,,,Preparation,4,8,12,,,,,,,,24
202FA,Assembly,12,2,try up light reflector,0.33,,,CUBS,4.34,8.5,12.66,,,,,,,,25.5
202FA,Assembly,12,3,try down light reflector,0.33,,,Assembly,0.34,0.5,0.66,,,,,,,,1.5
202FW,Assembly,4,2,try up light reflector,0.17,,,Preparation,4,8,12,,,,,,,,24
202FW,Assembly,4,3,try down light reflector,0.17,,,CUBW,4.34,8.5,12.66,,,,,,,,25.5
202FW,Assembly,8,2,try up light reflector,0.25,,,Assembly,0.34,0.5,0.66,,,,,,,,1.5
202FW,Assembly,8,3,try down light reflector,0.25,,,Preparation,4,8,12,,,,,,,,24
202FW,Assembly,12,2,try up light reflector,0.33,,,CUBWA,4.34,8.5,12.66,,,,,,,,25.5
202FW,Assembly,12,3,try down light reflector,0.33,,,Assembly,0.34,0.5,0.66,,,,,,,,1.5
202FWA,Assembly,4,2,try up light reflector,0.17,,,Preparation,4,8,12,,,,,,,,24
202FWA,Assembly,4,3,try down light reflector,0.17,,,CUS,4.34,8.5,12.66,,,,,,,,25.5
202FWA,Assembly,8,2,try up light reflector,0.25,,,Assembly,0.34,0.5,0.66,,,,,,,,1.5
202FWA,Assembly,8,3,try down light reflector,0.25,,,Preparation,4,8,12,,,,,,,,24
202FWA,Assembly,12,2,try up light reflector,0.33,,,CUW,4.34,8.5,12.66,,,,,,,,25.5
202FWA,Assembly,12,3,try down light reflector,0.33,,,Assembly,0.34,0.5,0.66,,,,,,,,1.5
ARC,Assembly,4,2,try up light reflector,0.17,,,Preparation,4,8,12,,,,,,,,24
ARC,Assembly,4,3,try down light reflector,0.17,,,CUWA,4.34,8.5,12.66,,,,,,,,25.5
ARC,Assembly,8,2,try up light reflector,0.25,,,Assembly,0.34,0.5,0.66,,,,,,,,1.5
ARC,Assembly,8,3,try down light reflector,0.25,,,Preparation,4,8,12,,,,,,,,24
ARC,Assembly,12,2,try up light reflector,0.33,,,L2,4.34,8.5,12.66,,,,,,,,25.5
ARC,Assembly,12,3,try down light reflector,0.33,,,Assembly,0.34,0.5,0.66,,,,,,,,1.5
ARCA,Assembly,4,2,try up light reflector,0.17,,,Preparation,4,8,12,,,,,,,,24
ARCA,Assembly,4,3,try down light reflector,0.17,,,L2A,4.34,8.5,12.66,,,,,,,,25.5
ARCA,Assembly,8,2,try up light reflector,0.25,,,Assembly,0.34,0.5,0.66,,,,,,,,1.5
ARCA,Assembly,8,3,try down light reflector,0.25,,,Preparation,4,8,12,,,,,,,,24
ARCA,Assembly,12,2,try up light reflector,0.33,,,L2S,4.34,8.5,12.66,,,,,,,,25.5
ARCA,Assembly,12,3,try down light reflector,0.33,,,Assembly,0.34,0.5,0.66,,,,,,,,1.5
ARCW,Assembly,4,2,try up light reflector,0.17,,,Preparation,4,8,12,,,,,,,,24
ARCW,Assembly,4,3,try down light reflector,0.17,,,L2W,4.34,8.5,12.66,,,,,,,,25.5
ARCW,Assembly,8,2,try up light reflector,0.25,,,Assembly,0.34,0.5,0.66,,,,,,,,1.5
ARCW,Assembly,8,3,try down light reflector,0.25,,,Preparation,4,8,12,,,,,,,,24
ARCW,Assembly,12,2,try up light reflector,0.33,,,L2WA,4.34,8.5,12.66,,,,,,,,25.5
ARCW,Assembly,12,3,try down light reflector,0.33,,,Assembly,0.34,0.5,0.66,,,,,,,,1.5
ARCWA,Assembly,4,2,try up light reflector,0.17,,,Preparation,4,8,12,,,,,,,,24
ARCWA,Assembly,4,3,try down light reflector,0.17,,,LT,4.34,8.5,12.66,,,,,,,,25.5
ARCWA,Assembly,8,2,try up light reflector,0.25,,,Assembly,0.34,0.5,0.66,,,,,,,,1.5
ARCWA,Assembly,8,3,try down light reflector,0.25,,,Preparation,4,8,12,,,,,,,,24
ARCWA,Assembly,12,2,try up light reflector,0.33,,,LTA,4.34,8.5,12.66,,,,,,,,25.5
ARCWA,Assembly,12,3,try down light reflector,0.33,,,Assembly,0.34,0.5,0.66,,,,,,,,1.5
BAS,Assembly,4,2,try up light reflector,0.17,,,Preparation,4,8,12,,,,,,,,24
BAS,Assembly,4,3,try down light reflector,0.17,,,LTW,4.34,8.5,12.66,,,,,,,,25.5
BAS,Assembly,8,2,try up light reflector,0.25,,,Assembly,0.34,0.5,0.66,,,,,,,,1.5
BAS,Assembly,8,3,try down light reflector,0.25,,,Preparation,4,8,12,,,,,,,,24
BAS,Assembly,12,2,try up light reflector,0.33,,,LTWA,4.34,8.5,12.66,,,,,,,,25.5
BAS,Assembly,12,3,try down light reflector,0.33,,,Assembly,0.34,0.5,0.66,,,,,,,,1.5
BASA,Assembly,4,2,try up light reflector,0.17,,,Preparation,4,8,12,,,,,,,,24
BASA,Assembly,4,3,try down light reflector,0.17,,,RAY3,2,4,6,,,,,,,,12
BASA,Assembly,8,2,try up light reflector,0.25,,,Preparation,2,4,6,,,,,,,,12
BASA,Assembly,8,3,try down light reflector,0.25,,,RAY3P,2,4,6,,,,,,,,12
BASA,Assembly,12,2,try up light reflector,0.33,,,Preparation,2,4,6,,,,,,,,12
BASA,Assembly,12,3,try down light reflector,0.33,,,RAY3S,2,4,6,,,,,,,,12
BASS,Assembly,4,2,try up light reflector,0.17,,,Preparation,2,4,6,,,,,,,,12
BASS,Assembly,4,3,try down light reflector,0.17,,,RAY3W,2,4,6,,,,,,,,12
BASS,Assembly,8,2,try up light reflector,0.25,,,Preparation,2,4,6,,,,,,,,12
BASS,Assembly,8,3,try down light reflector,0.25,,,RAY4,2,4,6,,,,,,,,12
BASS,Assembly,12,2,try up light reflector,0.33,,,Preparation,2,4,6,,,,,,,,12
BASS,Assembly,12,3,try down light reflector,0.33,,,RAY4P,2,4,6,,,,,,,,12
BASW,Assembly,4,2,try up light reflector,0.17,,,Preparation,2,4,6,,,,,,,,12
BASW,Assembly,4,3,try down light reflector,0.17,,,RAY4S,2,4,6,,,,,,,,12
BASW,Assembly,8,2,try up light reflector,0.25,,,Preparation,2,4,6,,,,,,,,12
BASW,Assembly,8,3,try down light reflector,0.25,,,RAY4W,2,4,6,,,,,,,,12
BASW,Assembly,12,2,try up light reflector,0.33,,,Preparation,2,4,6,,,,,,,,12
BASW,Assembly,12,3,try down light reflector,0.33,,,RAY6,2,4,6,,,,,,,,12
BASWA,Assembly,4,2,try up light reflector,0.17,,,Preparation,2,4,6,,,,,,,,12
BASWA,Assembly,4,3,try down light reflector,0.17,,,RAY6P,2,4,6,,,,,,,,12
BASWA,Assembly,8,2,try up light reflector,0.25,,,Preparation,2,4,6,,,,,,,,12
BASWA,Assembly,8,3,try down light reflector,0.25,,,RAY6S,2,4,6,,,,,,,,12
BASWA,Assembly,12,2,try up light reflector,0.33,,,Preparation,2,4,6,,,,,,,,12
BASWA,Assembly,12,3,try down light reflector,0.33,,,RAY6W,2,4,6,,,,,,,,12
CU,Assembly,4,2,try up light reflector,0.17,,,Preparation,2,4,6,,,,,,,,12
CU,Assembly,4,3,try down light reflector,0.17,,,RAY8,2,4,6,,,,,,,,12
CU,Assembly,8,2,try up light reflector,0.25,,,Preparation,2,4,6,,,,,,,,12
CU,Assembly,8,3,try down light reflector,0.25,,,RAY8P,2,4,6,,,,,,,,12
CU,Assembly,12,2,try up light reflector,0.33,,,Preparation,2,4,6,,,,,,,,12
CU,Assembly,12,3,try down light reflector,0.33,,,RAY8S,2,4,6,,,,,,,,12
CUA,Assembly,4,2,try up light reflector,0.17,,,Preparation,2,4,6,,,,,,,,12
CUA,Assembly,4,3,try down light reflector,0.17,,,RAY8W,2,4,6,,,,,,,,12
CUA,Assembly,8,2,try up light reflector,0.25,,,Preparation,2,4,6,,,,,,,,12
CUA,Assembly,8,3,try down light reflector,0.25,,,SK,,,,7.5,7.5,7.5,7.5,7.5,7.5,,45
CUA,Assembly,12,2,try up light reflector,0.33,,,Preparation,,,,7.5,7.5,7.5,7.5,7.5,7.5,,45
CUA,Assembly,12,3,try down light reflector,0.33,,,SL,4.34,8.5,12.66,,,,,,,,25.5
CUB,Assembly,4,2,try up light reflector,0.17,,,Assembly,0.34,0.5,0.66,,,,,,,,1.5
CUB,Assembly,4,3,try down light reflector,0.17,,,Preparation,4,8,12,,,,,,,,24
CUB,Assembly,8,2,try up light reflector,0.25,,,SL2HLED,4.34,8.5,12.66,,,,,,,,25.5
CUB,Assembly,8,3,try down light reflector,0.25,,,Assembly,0.34,0.5,0.66,,,,,,,,1.5
CUB,Assembly,12,2,try up light reflector,0.33,,,Preparation,4,8,12,,,,,,,,24
CUB,Assembly,12,3,try down light reflector,0.33,,,SL2LLED,4.34,8.5,12.66,,,,,,,,25.5
CUBA,Assembly,4,2,try up light reflector,0.17,,,Assembly,0.34,0.5,0.66,,,,,,,,1.5
CUBA,Assembly,4,3,try down light reflector,0.17,,,Preparation,4,8,12,,,,,,,,24
CUBA,Assembly,8,2,try up light reflector,0.25,,,SLLED,4.34,8.5,12.66,,,,,,,,25.5
CUBA,Assembly,8,3,try down light reflector,0.25,,,Assembly,0.34,0.5,0.66,,,,,,,,1.5
CUBA,Assembly,12,2,try up light reflector,0.33,,,Preparation,4,8,12,,,,,,,,24
CUBA,Assembly,12,3,try down light reflector,0.33,,,SLW,4.34,8.5,12.66,,,,,,,,25.5
CUBS,Assembly,4,2,try up light reflector,0.17,,,Assembly,0.34,0.5,0.66,,,,,,,,1.5
CUBS,Assembly,4,3,try down light reflector,0.17,,,Preparation,4,8,12,,,,,,,,24
CUBS,Assembly,8,2,try up light reflector,0.25,,,SLWLED,4.34,8.5,12.66,,,,,,,,25.5
CUBS,Assembly,8,3,try down light reflector,0.25,,,Assembly,0.34,0.5,0.66,,,,,,,,1.5
CUBS,Assembly,12,2,try up light reflector,0.33,,,Preparation,4,8,12,,,,,,,,24
CUBS,Assembly,12,3,try down light reflector,0.33,,,SU,4.34,8.5,12.66,,,,,,,,25.5
CUBW,Assembly,4,2,try up light reflector,0.17,,,Assembly,0.34,0.5,0.66,,,,,,,,1.5
CUBW,Assembly,4,3,try down light reflector,0.17,,,Preparation,4,8,12,,,,,,,,24
CUBW,Assembly,8,2,try up light reflector,0.25,,,SUA,4.34,8.5,12.66,,,,,,,,25.5
CUBW,Assembly,8,3,try down light reflector,0.25,,,Assembly,0.34,0.5,0.66,,,,,,,,1.5
CUBW,Assembly,12,2,try up light reflector,0.33,,,Preparation,4,8,12,,,,,,,,24
CUBW,Assembly,12,3,try down light reflector,0.33,,,SUS,4.34,8.5,12.66,,,,,,,,25.5
CUBWA,Assembly,4,2,try up light reflector,0.17,,,Assembly,0.34,0.5,0.66,,,,,,,,1.5
CUBWA,Assembly,4,3,try down light reflector,0.17,,,Preparation,4,8,12,,,,,,,,24
CUBWA,Assembly,8,2,try up light reflector,0.25,,,SUW,4.34,8.5,12.66,,,,,,,,25.5
CUBWA,Assembly,8,3,try down light reflector,0.25,,,Assembly,0.34,0.5,0.66,,,,,,,,1.5
CUBWA,Assembly,12,2,try up light reflector,0.33,,,Preparation,4,8,12,,,,,,,,24
CUBWA,Assembly,12,3,try down light reflector,0.33,,,SUWA,4.34,8.5,12.66,,,,,,,,25.5
CUS,Assembly,4,2,try up light reflector,0.17,,,Assembly,0.34,0.5,0.66,,,,,,,,1.5
CUS,Assembly,4,3,try down light reflector,0.17,,,Preparation,4,8,12,,,,,,,,24
CUS,Assembly,8,2,try up light reflector,0.25,,,TWC,4.34,8.5,12.66,,,,,,,,25.5
CUS,Assembly,8,3,try down light reflector,0.25,,,Assembly,0.34,0.5,0.66,,,,,,,,1.5
CUS,Assembly,12,2,try up light reflector,0.33,,,Preparation,4,8,12,,,,,,,,24
CUS,Assembly,12,3,try down light reflector,0.33,,,TWCW,4.34,8.5,12.66,,,,,,,,25.5
CUW,Assembly,4,2,try up light reflector,0.17,,,Assembly,0.34,0.5,0.66,,,,,,,,1.5
CUW,Assembly,4,3,try down light reflector,0.17,,,Preparation,4,8,12,,,,,,,,24
CUW,Assembly,8,2,try up light reflector,0.25,,,TWO,4.34,8.5,12.66,,,,,,,,25.5
CUW,Assembly,8,3,try down light reflector,0.25,,,Assembly,0.34,0.5,0.66,,,,,,,,1.5
CUW,Assembly,12,2,try up light reflector,0.33,,,Preparation,4,8,12,,,,,,,,24
CUW,Assembly,12,3,try down light reflector,0.33,,,TWOW,4.34,8.5,12.66,,,,,,,,25.5
CUWA,Assembly,4,2,try up light reflector,0.17,,,Assembly,0.34,0.5,0.66,,,,,,,,1.5
CUWA,Assembly,4,3,try down light reflector,0.17,,,Preparation,4,8,12,,,,,,,,24
CUWA,Assembly,8,2,try up light reflector,0.25,,,TWR,4.34,8.5,12.66,,,,,,,,25.5
CUWA,Assembly,8,3,try down light reflector,0.25,,,Assembly,0.34,0.5,0.66,,,,,,,,1.5
CUWA,Assembly,12,2,try up light reflector,0.33,,,Preparation,4,8,12,,,,,,,,24
CUWA,Assembly,12,3,try down light reflector,0.33,,,TWRLED,4.34,8.5,12.66,,,,,,,,25.5
L2,Assembly,12,3,try down light reflector,0.33,,,Assembly,0.34,0.5,0.66,,,,,,,,1.5
L2A,Assembly,4,2,try up light reflector,0.17,,,Preparation,4,8,12,,,,,,,,24
L2A,Assembly,4,3,try down light reflector,0.17,,,TWRW,4.34,8.5,12.66,,,,,,,,25.5
L2A,Assembly,8,2,try up light reflector,0.25,,,Assembly,0.34,0.5,0.66,,,,,,,,1.5
L2A,Assembly,8,3,try down light reflector,0.25,,,Preparation,4,8,12,,,,,,,,24
L2A,Assembly,12,2,try up light reflector,0.33,,,TWRWLED,4.34,8.5,12.66,,,,,,,,25.5
L2A,Assembly,12,3,try down light reflector,0.33,,,Assembly,0.34,0.5,0.66,,,,,,,,1.5
L2S,Assembly,4,2,try up light reflector,0.17,,,Preparation,4,8,12,,,,,,,,24
L2S,Assembly,4,3,try down light reflector,0.17,,,B3RLED,1.45,1.45,1.45,,,,,,,,4.35
L2S,Assembly,8,2,try up light reflector,0.25,,,Assembly,1.45,1.45,1.45,,,,,,,,4.35
L2S,Assembly,8,3,try down light reflector,0.25,,,SKFLED,,,,,,,,,,7.5,7.5
L2S,Assembly,12,2,try up light reflector,0.33,,,Sub-Assembly,,,,,,,,,,7.5,7.5
L2S,Assembly,12,3,try down light reflector,0.33,,,CUBLED,4.34,8.5,12.66,,,,,,,,25.5
L2W,Assembly,4,2,try up light reflector,0.17,,,Assembly,0.34,8.5,12.66,,,,,,,,21.5
L2W,Assembly,4,3,try down light reflector,0.17,,,Sub-Assembly,4,,,,,,,,,,4
L2W,Assembly,8,2,try up light reflector,0.25,,,CUBWLED,4.34,8.5,12.66,,,,,,,,25.5
L2W,Assembly,8,3,try down light reflector,0.25,,,Assembly,0.34,8.5,12.66,,,,,,,,21.5
L2W,Assembly,12,2,try up light reflector,0.33,,,Sub-Assembly,4,,,,,,,,,,4
L2W,Assembly,12,3,try down light reflector,0.33,,,LTLED,4,8,12,,,,,,,,24
L2WA,Assembly,4,2,try up light reflector,0.17,,,Assembly,,8,12,,,,,,,,20
L2WA,Assembly,4,3,try down light reflector,0.17,,,Sub-Assembly,4,,,,,,,,,,4
L2WA,Assembly,8,2,try up light reflector,0.25,,,LTWLED,4,8,12,,,,,,,,24
L2WA,Assembly,8,3,try down light reflector,0.25,,,Assembly,,8,12,,,,,,,,20
L2WA,Assembly,12,2,try up light reflector,0.33,,,Sub-Assembly,4,,,,,,,,,,4
L2WA,Assembly,12,3,try down light reflector,0.33,,,Grand Total,332.23,650.95,969.67,7.5,7.5,7.5,7.5,7.5,7.5,7.5,2005.35
L2,Assembly,4,2,try up light reflector,0.17,,,,,,,,,,,,,,
L2,Assembly,4,3,try down light reflector,0.17,,,,,,,,,,,,,,
L2,Assembly,8,2,try up light reflector,0.25,,,,,,,,,,,,,,
L2,Assembly,8,3,try down light reflector,0.25,,,,,,,,,,,,,,
L2,Assembly,12,2,try up light reflector,0.33,,,,,,,,,,,,,,
LT,Assembly,4,2,try up light reflector,0.17,,,,,,,,,,,,,,
LT,Assembly,4,3,try down light reflector,0.17,,,,,,,,,,,,,,
LT,Assembly,8,2,try up light reflector,0.25,,,,,,,,,,,,,,
LT,Assembly,8,3,try down light reflector,0.25,,,,,,,,,,,,,,
LT,Assembly,12,2,try up light reflector,0.33,,,,,,,,,,,,,,
LT,Assembly,12,3,try down light reflector,0.33,,,,,,,,,,,,,,
LTA,Assembly,4,2,try up light reflector,0.17,,,,,,,,,,,,,,
LTA,Assembly,4,3,try down light reflector,0.17,,,,,,,,,,,,,,
LTA,Assembly,8,2,try up light reflector,0.25,,,,,,,,,,,,,,
LTA,Assembly,8,3,try down light reflector,0.25,,,,,,,,,,,,,,
LTA,Assembly,12,2,try up light reflector,0.33,,,,,,,,,,,,,,
LTA,Assembly,12,3,try down light reflector,0.33,,,,,,,,,,,,,,
LTW,Assembly,4,2,try up light reflector,0.17,,,,,,,,,,,,,,
LTW,Assembly,4,3,try down light reflector,0.17,,,,,,,,,,,,,,
LTW,Assembly,8,2,try up light reflector,0.25,,,,,,,,,,,,,,
LTW,Assembly,8,3,try down light reflector,0.25,,,,,,,,,,,,,,
LTW,Assembly,12,2,try up light reflector,0.33,,,,,,,,,,,,,,
LTW,Assembly,12,3,try down light reflector,0.33,,,,,,,,,,,,,,
LTWA,Assembly,4,2,try up light reflector,0.17,,,,,,,,,,,,,,
LTWA,Assembly,4,3,try down light reflector,0.17,,,,,,,,,,,,,,
LTWA,Assembly,8,2,try up light reflector,0.25,,,,,,,,,,,,,,
LTWA,Assembly,8,3,try down light reflector,0.25,,,,,,,,,,,,,,
LTWA,Assembly,12,2,try up light reflector,0.33,,,,,,,,,,,,,,
LTWA,Assembly,12,3,try down light reflector,0.33,,,,,,,,,,,,,,
SL,Assembly,4,2,try up light reflector,0.17,,,,,,,,,,,,,,
SL,Assembly,4,3,try down light reflector,0.17,,,,,,,,,,,,,,
SL,Assembly,8,2,try up light reflector,0.25,,,,,,,,,,,,,,
SL,Assembly,8,3,try down light reflector,0.25,,,,,,,,,,,,,,
SL,Assembly,12,2,try up light reflector,0.33,,,,,,,,,,,,,,
SL,Assembly,12,3,try down light reflector,0.33,,,,,,,,,,,,,,
SL2HLED,Assembly,4,2,try up light reflector,0.17,,,,,,,,,,,,,,
SL2HLED,Assembly,4,3,try down light reflector,0.17,,,,,,,,,,,,,,
SL2HLED,Assembly,8,2,try up light reflector,0.25,,,,,,,,,,,,,,
SL2HLED,Assembly,8,3,try down light reflector,0.25,,,,,,,,,,,,,,
SL2HLED,Assembly,12,2,try up light reflector,0.33,,,,,,,,,,,,,,
SL2HLED,Assembly,12,3,try down light reflector,0.33,,,,,,,,,,,,,,
SL2LLED,Assembly,4,2,try up light reflector,0.17,,,,,,,,,,,,,,
SL2LLED,Assembly,4,3,try down light reflector,0.17,,,,,,,,,,,,,,
SL2LLED,Assembly,8,2,try up light reflector,0.25,,,,,,,,,,,,,,
SL2LLED,Assembly,8,3,try down light reflector,0.25,,,,,,,,,,,,,,
SL2LLED,Assembly,12,2,try up light reflector,0.33,,,,,,,,,,,,,,
SL2LLED,Assembly,12,3,try down light reflector,0.33,,,,,,,,,,,,,,
SLLED,Assembly,4,2,try up light reflector,0.17,,,,,,,,,,,,,,
SLLED,Assembly,4,3,try down light reflector,0.17,,,,,,,,,,,,,,
SLLED,Assembly,8,2,try up light reflector,0.25,,,,,,,,,,,,,,
SLLED,Assembly,8,3,try down light reflector,0.25,,,,,,,,,,,,,,
SLLED,Assembly,12,2,try up light reflector,0.33,,,,,,,,,,,,,,
SLLED,Assembly,12,3,try down light reflector,0.33,,,,,,,,,,,,,,
SLW,Assembly,4,2,try up light reflector,0.17,,,,,,,,,,,,,,
SLW,Assembly,4,3,try down light reflector,0.17,,,,,,,,,,,,,,
SLW,Assembly,8,2,try up light reflector,0.25,,,,,,,,,,,,,,
SLW,Assembly,8,3,try down light reflector,0.25,,,,,,,,,,,,,,
SLW,Assembly,12,2,try up light reflector,0.33,,,,,,,,,,,,,,
SLW,Assembly,12,3,try down light reflector,0.33,,,,,,,,,,,,,,
SLWLED,Assembly,4,2,try up light reflector,0.17,,,,,,,,,,,,,,
SLWLED,Assembly,4,3,try down light reflector,0.17,,,,,,,,,,,,,,
SLWLED,Assembly,8,2,try up light reflector,0.25,,,,,,,,,,,,,,
SLWLED,Assembly,8,3,try down light reflector,0.25,,,,,,,,,,,,,,
SLWLED,Assembly,12,2,try up light reflector,0.33,,,,,,,,,,,,,,
SLWLED,Assembly,12,3,try down light reflector,0.33,,,,,,,,,,,,,,
SU,Assembly,4,2,try up light reflector,0.17,,,,,,,,,,,,,,
SU,Assembly,4,3,try down light reflector,0.17,,,,,,,,,,,,,,
SU,Assembly,8,2,try up light reflector,0.25,,,,,,,,,,,,,,
SU,Assembly,8,3,try down light reflector,0.25,,,,,,,,,,,,,,
SU,Assembly,12,2,try up light reflector,0.33,,,,,,,,,,,,,,
SU,Assembly,12,3,try down light reflector,0.33,,,,,,,,,,,,,,
SUA,Assembly,4,2,try up light reflector,0.17,,,,,,,,,,,,,,
SUA,Assembly,4,3,try down light reflector,0.17,,,,,,,,,,,,,,
SUA,Assembly,8,2,try up light reflector,0.25,,,,,,,,,,,,,,
SUA,Assembly,8,3,try down light reflector,0.25,,,,,,,,,,,,,,
SUA,Assembly,12,2,try up light reflector,0.33,,,,,,,,,,,,,,
SUA,Assembly,12,3,try down light reflector,0.33,,,,,,,,,,,,,,
SUS,Assembly,4,2,try up light reflector,0.17,,,,,,,,,,,,,,
SUS,Assembly,4,3,try down light reflector,0.17,,,,,,,,,,,,,,
SUS,Assembly,8,2,try up light reflector,0.25,,,,,,,,,,,,,,
SUS,Assembly,8,3,try down light reflector,0.25,,,,,,,,,,,,,,
SUS,Assembly,12,2,try up light reflector,0.33,,,,,,,,,,,,,,
SUS,Assembly,12,3,try down light reflector,0.33,,,,,,,,,,,,,,
SUW,Assembly,4,2,try up light reflector,0.17,,,,,,,,,,,,,,
SUW,Assembly,4,3,try down light reflector,0.17,,,,,,,,,,,,,,
SUW,Assembly,8,2,try up light reflector,0.25,,,,,,,,,,,,,,
SUW,Assembly,8,3,try down light reflector,0.25,,,,,,,,,,,,,,
SUW,Assembly,12,2,try up light reflector,0.33,,,,,,,,,,,,,,
SUW,Assembly,12,3,try down light reflector,0.33,,,,,,,,,,,,,,
SUWA,Assembly,4,2,try up light reflector,0.17,,,,,,,,,,,,,,
SUWA,Assembly,4,3,try down light reflector,0.17,,,,,,,,,,,,,,
SUWA,Assembly,8,2,try up light reflector,0.25,,,,,,,,,,,,,,
SUWA,Assembly,8,3,try down light reflector,0.25,,,,,,,,,,,,,,
SUWA,Assembly,12,2,try up light reflector,0.33,,,,,,,,,,,,,,
SUWA,Assembly,12,3,try down light reflector,0.33,,,,,,,,,,,,,,
TWC,Assembly,4,2,try up light reflector,0.17,,,,,,,,,,,,,,
TWC,Assembly,4,3,try down light reflector,0.17,,,,,,,,,,,,,,
TWC,Assembly,8,2,try up light reflector,0.25,,,,,,,,,,,,,,
TWC,Assembly,8,3,try down light reflector,0.25,,,,,,,,,,,,,,
TWC,Assembly,12,2,try up light reflector,0.33,,,,,,,,,,,,,,
TWC,Assembly,12,3,try down light reflector,0.33,,,,,,,,,,,,,,
TWCW,Assembly,4,2,try up light reflector,0.17,,,,,,,,,,,,,,
TWCW,Assembly,4,3,try down light reflector,0.17,,,,,,,,,,,,,,
TWCW,Assembly,8,2,try up light reflector,0.25,,,,,,,,,,,,,,
TWCW,Assembly,8,3,try down light reflector,0.25,,,,,,,,,,,,,,
TWCW,Assembly,12,2,try up light reflector,0.33,,,,,,,,,,,,,,
TWCW,Assembly,12,3,try down light reflector,0.33,,,,,,,,,,,,,,
TWO,Assembly,4,2,try up light reflector,0.17,,,,,,,,,,,,,,
TWO,Assembly,4,3,try down light reflector,0.17,,,,,,,,,,,,,,
TWO,Assembly,8,2,try up light reflector,0.25,,,,,,,,,,,,,,
TWO,Assembly,8,3,try down light reflector,0.25,,,,,,,,,,,,,,
TWO,Assembly,12,2,try up light reflector,0.33,,,,,,,,,,,,,,
TWO,Assembly,12,3,try down light reflector,0.33,,,,,,,,,,,,,,
TWOW,Assembly,4,2,try up light reflector,0.17,,,,,,,,,,,,,,
TWOW,Assembly,4,3,try down light reflector,0.17,,,,,,,,,,,,,,
TWOW,Assembly,8,2,try up light reflector,0.25,,,,,,,,,,,,,,
TWOW,Assembly,8,3,try down light reflector,0.25,,,,,,,,,,,,,,
TWOW,Assembly,12,2,try up light reflector,0.33,,,,,,,,,,,,,,
TWOW,Assembly,12,3,try down light reflector,0.33,,,,,,,,,,,,,,
TWR,Assembly,4,2,try up light reflector,0.17,,,,,,,,,,,,,,
TWR,Assembly,4,3,try down light reflector,0.17,,,,,,,,,,,,,,
TWR,Assembly,8,2,try up light reflector,0.25,,,,,,,,,,,,,,
TWR,Assembly,8,3,try down light reflector,0.25,,,,,,,,,,,,,,
TWR,Assembly,12,2,try up light reflector,0.33,,,,,,,,,,,,,,
TWR,Assembly,12,3,try down light reflector,0.33,,,,,,,,,,,,,,
TWRLED,Assembly,4,2,try up light reflector,0.17,,,,,,,,,,,,,,
TWRLED,Assembly,4,3,try down light reflector,0.17,,,,,,,,,,,,,,
TWRLED,Assembly,8,2,try up light reflector,0.25,,,,,,,,,,,,,,
TWRLED,Assembly,8,3,try down light reflector,0.25,,,,,,,,,,,,,,
TWRLED,Assembly,12,2,try up light reflector,0.33,,,,,,,,,,,,,,
TWRLED,Assembly,12,3,try down light reflector,0.33,,,,,,,,,,,,,,
TWRW,Assembly,4,2,try up light reflector,0.17,,,,,,,,,,,,,,
TWRW,Assembly,4,3,try down light reflector,0.17,,,,,,,,,,,,,,
TWRW,Assembly,8,2,try up light reflector,0.25,,,,,,,,,,,,,,
TWRW,Assembly,8,3,try down light reflector,0.25,,,,,,,,,,,,,,
TWRW,Assembly,12,2,try up light reflector,0.33,,,,,,,,,,,,,,
TWRW,Assembly,12,3,try down light reflector,0.33,,,,,,,,,,,,,,
TWRWLED,Assembly,4,2,try up light reflector,0.17,,,,,,,,,,,,,,
TWRWLED,Assembly,4,3,try down light reflector,0.17,,,,,,,,,,,,,,
TWRWLED,Assembly,8,2,try up light reflector,0.25,,,,,,,,,,,,,,
TWRWLED,Assembly,8,3,try down light reflector,0.25,,,,,,,,,,,,,,
TWRWLED,Assembly,12,2,try up light reflector,0.33,,,,,,,,,,,,,,
TWRWLED,Assembly,12,3,try down light reflector,0.33,,,,,,,,,,,,,,
101C,Preparation,4,1,-suspended section to cable and adjust if necessary,4,,,,,,,,,,,,,,
101C,Preparation,8,1,-suspended section to cable and adjust if necessary,8,,,,,,,,,,,,,,
101C,Preparation,12,1,-suspended section to cable and adjust if necessary,12,,,,,,,,,,,,,,
101CA,Preparation,4,1,-suspended section to cable and adjust if necessary,4,,,,,,,,,,,,,,
101CA,Preparation,8,1,-suspended section to cable and adjust if necessary,8,,,,,,,,,,,,,,
101CA,Preparation,12,1,-suspended section to cable and adjust if necessary,12,,,,,,,,,,,,,,
101CS,Preparation,4,1,-suspended section to cable and adjust if necessary,4,,,,,,,,,,,,,,
101CS,Preparation,8,1,-suspended section to cable and adjust if necessary,8,,,,,,,,,,,,,,
101CS,Preparation,12,1,-suspended section to cable and adjust if necessary,12,,,,,,,,,,,,,,
101CW,Preparation,4,1,-suspended section to cable and adjust if necessary,4,,,,,,,,,,,,,,
101CW,Preparation,8,1,-suspended section to cable and adjust if necessary,8,,,,,,,,,,,,,,
101CW,Preparation,12,1,-suspended section to cable and adjust if necessary,12,,,,,,,,,,,,,,
101CWA,Preparation,4,1,-suspended section to cable and adjust if necessary,4,,,,,,,,,,,,,,
101CWA,Preparation,8,1,-suspended section to cable and adjust if necessary,8,,,,,,,,,,,,,,
101CWA,Preparation,12,1,-suspended section to cable and adjust if necessary,12,,,,,,,,,,,,,,
101F,Preparation,4,1,-suspended section to cable and adjust if necessary,4,,,,,,,,,,,,,,
101F,Preparation,8,1,-suspended section to cable and adjust if necessary,8,,,,,,,,,,,,,,
101F,Preparation,12,1,-suspended section to cable and adjust if necessary,12,,,,,,,,,,,,,,
101FA,Preparation,4,1,-suspended section to cable and adjust if necessary,4,,,,,,,,,,,,,,
101FA,Preparation,8,1,-suspended section to cable and adjust if necessary,8,,,,,,,,,,,,,,
101FA,Preparation,12,1,-suspended section to cable and adjust if necessary,12,,,,,,,,,,,,,,
101FW,Preparation,4,1,-suspended section to cable and adjust if necessary,4,,,,,,,,,,,,,,
101FW,Preparation,8,1,-suspended section to cable and adjust if necessary,8,,,,,,,,,,,,,,
101FW,Preparation,12,1,-suspended section to cable and adjust if necessary,12,,,,,,,,,,,,,,
101FWA,Preparation,4,1,-suspended section to cable and adjust if necessary,4,,,,,,,,,,,,,,
101FWA,Preparation,8,1,-suspended section to cable and adjust if necessary,8,,,,,,,,,,,,,,
101FWA,Preparation,12,1,-suspended section to cable and adjust if necessary,12,,,,,,,,,,,,,,
202C,Preparation,4,1,-suspended section to cable and adjust if necessary,4,,,,,,,,,,,,,,
202C,Preparation,8,1,-suspended section to cable and adjust if necessary,8,,,,,,,,,,,,,,
202C,Preparation,12,1,-suspended section to cable and adjust if necessary,12,,,,,,,,,,,,,,
202CA,Preparation,4,1,-suspended section to cable and adjust if necessary,4,,,,,,,,,,,,,,
202CA,Preparation,8,1,-suspended section to cable and adjust if necessary,8,,,,,,,,,,,,,,
202CA,Preparation,12,1,-suspended section to cable and adjust if necessary,12,,,,,,,,,,,,,,
202CS,Preparation,4,1,-suspended section to cable and adjust if necessary,4,,,,,,,,,,,,,,
202CS,Preparation,8,1,-suspended section to cable and adjust if necessary,8,,,,,,,,,,,,,,
202CS,Preparation,12,1,-suspended section to cable and adjust if necessary,12,,,,,,,,,,,,,,
202CW,Preparation,4,1,-suspended section to cable and adjust if necessary,4,,,,,,,,,,,,,,
202CW,Preparation,8,1,-suspended section to cable and adjust if necessary,8,,,,,,,,,,,,,,
202CW,Preparation,12,1,-suspended section to cable and adjust if necessary,12,,,,,,,,,,,,,,
202CWA,Preparation,4,1,-suspended section to cable and adjust if necessary,4,,,,,,,,,,,,,,
202CWA,Preparation,8,1,-suspended section to cable and adjust if necessary,8,,,,,,,,,,,,,,
202CWA,Preparation,12,1,-suspended section to cable and adjust if necessary,12,,,,,,,,,,,,,,
202F,Preparation,4,1,-suspended section to cable and adjust if necessary,4,,,,,,,,,,,,,,
202F,Preparation,8,1,-suspended section to cable and adjust if necessary,8,,,,,,,,,,,,,,
202F,Preparation,12,1,-suspended section to cable and adjust if necessary,12,,,,,,,,,,,,,,
202FA,Preparation,4,1,-suspended section to cable and adjust if necessary,4,,,,,,,,,,,,,,
202FA,Preparation,8,1,-suspended section to cable and adjust if necessary,8,,,,,,,,,,,,,,
202FA,Preparation,12,1,-suspended section to cable and adjust if necessary,12,,,,,,,,,,,,,,
202FW,Preparation,4,1,-suspended section to cable and adjust if necessary,4,,,,,,,,,,,,,,
202FW,Preparation,8,1,-suspended section to cable and adjust if necessary,8,,,,,,,,,,,,,,
202FW,Preparation,12,1,-suspended section to cable and adjust if necessary,12,,,,,,,,,,,,,,
202FWA,Preparation,4,1,-suspended section to cable and adjust if necessary,4,,,,,,,,,,,,,,
202FWA,Preparation,8,1,-suspended section to cable and adjust if necessary,8,,,,,,,,,,,,,,
202FWA,Preparation,12,1,-suspended section to cable and adjust if necessary,12,,,,,,,,,,,,,,
ARC,Preparation,4,1,-suspended section to cable and adjust if necessary,4,,,,,,,,,,,,,,
ARC,Preparation,8,1,-suspended section to cable and adjust if necessary,8,,,,,,,,,,,,,,
ARC,Preparation,12,1,-suspended section to cable and adjust if necessary,12,,,,,,,,,,,,,,
ARCA,Preparation,4,1,-suspended section to cable and adjust if necessary,4,,,,,,,,,,,,,,
ARCA,Preparation,8,1,-suspended section to cable and adjust if necessary,8,,,,,,,,,,,,,,
ARCA,Preparation,12,1,-suspended section to cable and adjust if necessary,12,,,,,,,,,,,,,,
ARCW,Preparation,4,1,-suspended section to cable and adjust if necessary,4,,,,,,,,,,,,,,
ARCW,Preparation,8,1,-suspended section to cable and adjust if necessary,8,,,,,,,,,,,,,,
ARCW,Preparation,12,1,-suspended section to cable and adjust if necessary,12,,,,,,,,,,,,,,
ARCWA,Preparation,4,1,-suspended section to cable and adjust if necessary,4,,,,,,,,,,,,,,
ARCWA,Preparation,8,1,-suspended section to cable and adjust if necessary,8,,,,,,,,,,,,,,
ARCWA,Preparation,12,1,-suspended section to cable and adjust if necessary,12,,,,,,,,,,,,,,
BAS,Preparation,4,1,-suspended section to cable and adjust if necessary,4,,,,,,,,,,,,,,
BAS,Preparation,8,1,-suspended section to cable and adjust if necessary,8,,,,,,,,,,,,,,
BAS,Preparation,12,1,-suspended section to cable and adjust if necessary,12,,,,,,,,,,,,,,
BASA,Preparation,4,1,-suspended section to cable and adjust if necessary,4,,,,,,,,,,,,,,
BASA,Preparation,8,1,-suspended section to cable and adjust if necessary,8,,,,,,,,,,,,,,
BASA,Preparation,12,1,-suspended section to cable and adjust if necessary,12,,,,,,,,,,,,,,
BASS,Preparation,4,1,-suspended section to cable and adjust if necessary,4,,,,,,,,,,,,,,
BASS,Preparation,8,1,-suspended section to cable and adjust if necessary,8,,,,,,,,,,,,,,
BASS,Preparation,12,1,-suspended section to cable and adjust if necessary,12,,,,,,,,,,,,,,
BASW,Preparation,4,1,-suspended section to cable and adjust if necessary,4,,,,,,,,,,,,,,
BASW,Preparation,8,1,-suspended section to cable and adjust if necessary,8,,,,,,,,,,,,,,
BASW,Preparation,12,1,-suspended section to cable and adjust if necessary,12,,,,,,,,,,,,,,
BASWA,Preparation,4,1,-suspended section to cable and adjust if necessary,4,,,,,,,,,,,,,,
BASWA,Preparation,8,1,-suspended section to cable and adjust if necessary,8,,,,,,,,,,,,,,
BASWA,Preparation,12,1,-suspended section to cable and adjust if necessary,12,,,,,,,,,,,,,,
CU,Preparation,4,1,-suspended section to cable and adjust if necessary,4,,,,,,,,,,,,,,
CU,Preparation,8,1,-suspended section to cable and adjust if necessary,8,,,,,,,,,,,,,,
CU,Preparation,12,1,-suspended section to cable and adjust if necessary,12,,,,,,,,,,,,,,
CUA,Preparation,4,1,-suspended section to cable and adjust if necessary,4,,,,,,,,,,,,,,
CUA,Preparation,8,1,-suspended section to cable and adjust if necessary,8,,,,,,,,,,,,,,
CUA,Preparation,12,1,-suspended section to cable and adjust if necessary,12,,,,,,,,,,,,,,
CUB,Preparation,4,1,-suspended section to cable and adjust if necessary,4,,,,,,,,,,,,,,
CUB,Preparation,8,1,-suspended section to cable and adjust if necessary,8,,,,,,,,,,,,,,
CUB,Preparation,12,1,-suspended section to cable and adjust if necessary,12,,,,,,,,,,,,,,
CUBA,Preparation,4,1,-suspended section to cable and adjust if necessary,4,,,,,,,,,,,,,,
CUBA,Preparation,8,1,-suspended section to cable and adjust if necessary,8,,,,,,,,,,,,,,
CUBA,Preparation,12,1,-suspended section to cable and adjust if necessary,12,,,,,,,,,,,,,,
CUBS,Preparation,4,1,-suspended section to cable and adjust if necessary,4,,,,,,,,,,,,,,
CUBS,Preparation,8,1,-suspended section to cable and adjust if necessary,8,,,,,,,,,,,,,,
CUBS,Preparation,12,1,-suspended section to cable and adjust if necessary,12,,,,,,,,,,,,,,
CUBW,Preparation,4,1,-suspended section to cable and adjust if necessary,4,,,,,,,,,,,,,,
CUBW,Preparation,8,1,-suspended section to cable and adjust if necessary,8,,,,,,,,,,,,,,
CUBW,Preparation,12,1,-suspended section to cable and adjust if necessary,12,,,,,,,,,,,,,,
CUBWA,Preparation,4,1,-suspended section to cable and adjust if necessary,4,,,,,,,,,,,,,,
CUBWA,Preparation,8,1,-suspended section to cable and adjust if necessary,8,,,,,,,,,,,,,,
CUBWA,Preparation,12,1,-suspended section to cable and adjust if necessary,12,,,,,,,,,,,,,,
CUS,Preparation,4,1,-suspended section to cable and adjust if necessary,4,,,,,,,,,,,,,,
CUS,Preparation,8,1,-suspended section to cable and adjust if necessary,8,,,,,,,,,,,,,,
CUS,Preparation,12,1,-suspended section to cable and adjust if necessary,12,,,,,,,,,,,,,,
CUW,Preparation,4,1,-suspended section to cable and adjust if necessary,4,,,,,,,,,,,,,,
CUW,Preparation,8,1,-suspended section to cable and adjust if necessary,8,,,,,,,,,,,,,,
CUW,Preparation,12,1,-suspended section to cable and adjust if necessary,12,,,,,,,,,,,,,,
CUWA,Preparation,4,1,-suspended section to cable and adjust if necessary,4,,,,,,,,,,,,,,
CUWA,Preparation,8,1,-suspended section to cable and adjust if necessary,8,,,,,,,,,,,,,,
CUWA,Preparation,12,1,-suspended section to cable and adjust if necessary,12,,,,,,,,,,,,,,
L2,Preparation,4,1,-suspended section to cable and adjust if necessary,4,,,,,,,,,,,,,,
L2A,Preparation,4,1,-suspended section to cable and adjust if necessary,4,,,,,,,,,,,,,,
L2A,Preparation,8,1,-suspended section to cable and adjust if necessary,8,,,,,,,,,,,,,,
L2A,Preparation,12,1,-suspended section to cable and adjust if necessary,12,,,,,,,,,,,,,,
L2S,Preparation,4,1,-suspended section to cable and adjust if necessary,4,,,,,,,,,,,,,,
L2S,Preparation,8,1,-suspended section to cable and adjust if necessary,8,,,,,,,,,,,,,,
L2S,Preparation,12,1,-suspended section to cable and adjust if necessary,12,,,,,,,,,,,,,,
L2W,Preparation,4,1,-suspended section to cable and adjust if necessary,4,,,,,,,,,,,,,,
L2W,Preparation,8,1,-suspended section to cable and adjust if necessary,8,,,,,,,,,,,,,,
L2W,Preparation,12,1,-suspended section to cable and adjust if necessary,12,,,,,,,,,,,,,,
L2WA,Preparation,4,1,-suspended section to cable and adjust if necessary,4,,,,,,,,,,,,,,
L2WA,Preparation,8,1,-suspended section to cable and adjust if necessary,8,,,,,,,,,,,,,,
L2WA,Preparation,12,1,-suspended section to cable and adjust if necessary,12,,,,,,,,,,,,,,
L2,Preparation,8,1,-suspended section to cable and adjust if necessary,8,,,,,,,,,,,,,,
L2,Preparation,12,1,-suspended section to cable and adjust if necessary,12,,,,,,,,,,,,,,
LT,Preparation,4,1,-suspended section to cable and adjust if necessary,4,,,,,,,,,,,,,,
LT,Preparation,8,1,-suspended section to cable and adjust if necessary,8,,,,,,,,,,,,,,
LT,Preparation,12,1,-suspended section to cable and adjust if necessary,12,,,,,,,,,,,,,,
LTA,Preparation,4,1,-suspended section to cable and adjust if necessary,4,,,,,,,,,,,,,,
LTA,Preparation,8,1,-suspended section to cable and adjust if necessary,8,,,,,,,,,,,,,,
LTA,Preparation,12,1,-suspended section to cable and adjust if necessary,12,,,,,,,,,,,,,,
LTW,Preparation,4,1,-suspended section to cable and adjust if necessary,4,,,,,,,,,,,,,,
LTW,Preparation,8,1,-suspended section to cable and adjust if necessary,8,,,,,,,,,,,,,,
LTW,Preparation,12,1,-suspended section to cable and adjust if necessary,12,,,,,,,,,,,,,,
LTWA,Preparation,4,1,-suspended section to cable and adjust if necessary,4,,,,,,,,,,,,,,
LTWA,Preparation,8,1,-suspended section to cable and adjust if necessary,8,,,,,,,,,,,,,,
LTWA,Preparation,12,1,-suspended section to cable and adjust if necessary,12,,,,,,,,,,,,,,
RAY3,Preparation,4,1,"fix lens inside housing, turn housing up in air, remove lens",2,,,,,,,,,,,,,,
RAY3,Preparation,8,1,"fix lens inside housing, turn housing up in air, remove lens",4,,,,,,,,,,,,,,
RAY3,Preparation,12,1,"fix lens inside housing, turn housing up in air, remove lens",6,,,,,,,,,,,,,,
RAY3P,Preparation,4,1,"fix lens inside housing, turn housing up in air, remove lens",2,,,,,,,,,,,,,,
RAY3P,Preparation,8,1,"fix lens inside housing, turn housing up in air, remove lens",4,,,,,,,,,,,,,,
RAY3P,Preparation,12,1,"fix lens inside housing, turn housing up in air, remove lens",6,,,,,,,,,,,,,,
RAY3S,Preparation,4,1,"fix lens inside housing, turn housing up in air, remove lens",2,,,,,,,,,,,,,,
RAY3S,Preparation,8,1,"fix lens inside housing, turn housing up in air, remove lens",4,,,,,,,,,,,,,,
RAY3S,Preparation,12,1,"fix lens inside housing, turn housing up in air, remove lens",6,,,,,,,,,,,,,,
RAY3W,Preparation,4,1,"fix lens inside housing, turn housing up in air, remove lens",2,,,,,,,,,,,,,,
RAY3W,Preparation,8,1,"fix lens inside housing, turn housing up in air, remove lens",4,,,,,,,,,,,,,,
RAY3W,Preparation,12,1,"fix lens inside housing, turn housing up in air, remove lens",6,,,,,,,,,,,,,,
RAY4,Preparation,4,1,"fix lens inside housing, turn housing up in air, remove lens",2,,,,,,,,,,,,,,
RAY4,Preparation,8,1,"fix lens inside housing, turn housing up in air, remove lens",4,,,,,,,,,,,,,,
RAY4,Preparation,12,1,"fix lens inside housing, turn housing up in air, remove lens",6,,,,,,,,,,,,,,
RAY4P,Preparation,4,1,"fix lens inside housing, turn housing up in air, remove lens",2,,,,,,,,,,,,,,
RAY4P,Preparation,8,1,"fix lens inside housing, turn housing up in air, remove lens",4,,,,,,,,,,,,,,
RAY4P,Preparation,12,1,"fix lens inside housing, turn housing up in air, remove lens",6,,,,,,,,,,,,,,
RAY4S,Preparation,4,1,"fix lens inside housing, turn housing up in air, remove lens",2,,,,,,,,,,,,,,
RAY4S,Preparation,8,1,"fix lens inside housing, turn housing up in air, remove lens",4,,,,,,,,,,,,,,
RAY4S,Preparation,12,1,"fix lens inside housing, turn housing up in air, remove lens",6,,,,,,,,,,,,,,
RAY4W,Preparation,4,1,"fix lens inside housing, turn housing up in air, remove lens",2,,,,,,,,,,,,,,
RAY4W,Preparation,8,1,"fix lens inside housing, turn housing up in air, remove lens",4,,,,,,,,,,,,,,
RAY4W,Preparation,12,1,"fix lens inside housing, turn housing up in air, remove lens",6,,,,,,,,,,,,,,
RAY6,Preparation,4,1,"fix lens inside housing, turn housing up in air, remove lens",2,,,,,,,,,,,,,,
RAY6,Preparation,8,1,"fix lens inside housing, turn housing up in air, remove lens",4,,,,,,,,,,,,,,
RAY6,Preparation,12,1,"fix lens inside housing, turn housing up in air, remove lens",6,,,,,,,,,,,,,,
RAY6P,Preparation,4,1,"fix lens inside housing, turn housing up in air, remove lens",2,,,,,,,,,,,,,,
RAY6P,Preparation,8,1,"fix lens inside housing, turn housing up in air, remove lens",4,,,,,,,,,,,,,,
RAY6P,Preparation,12,1,"fix lens inside housing, turn housing up in air, remove lens",6,,,,,,,,,,,,,,
RAY6S,Preparation,4,1,"fix lens inside housing, turn housing up in air, remove lens",2,,,,,,,,,,,,,,
RAY6S,Preparation,8,1,"fix lens inside housing, turn housing up in air, remove lens",4,,,,,,,,,,,,,,
RAY6S,Preparation,12,1,"fix lens inside housing, turn housing up in air, remove lens",6,,,,,,,,,,,,,,
RAY6W,Preparation,4,1,"fix lens inside housing, turn housing up in air, remove lens",2,,,,,,,,,,,,,,
RAY6W,Preparation,8,1,"fix lens inside housing, turn housing up in air, remove lens",4,,,,,,,,,,,,,,
RAY6W,Preparation,12,1,"fix lens inside housing, turn housing up in air, remove lens",6,,,,,,,,,,,,,,
RAY8,Preparation,4,1,"fix lens inside housing, turn housing up in air, remove lens",2,,,,,,,,,,,,,,
RAY8,Preparation,8,1,"fix lens inside housing, turn housing up in air, remove lens",4,,,,,,,,,,,,,,
RAY8,Preparation,12,1,"fix lens inside housing, turn housing up in air, remove lens",6,,,,,,,,,,,,,,
RAY8P,Preparation,4,1,"fix lens inside housing, turn housing up in air, remove lens",2,,,,,,,,,,,,,,
RAY8P,Preparation,8,1,"fix lens inside housing, turn housing up in air, remove lens",4,,,,,,,,,,,,,,
RAY8P,Preparation,12,1,"fix lens inside housing, turn housing up in air, remove lens",6,,,,,,,,,,,,,,
RAY8S,Preparation,4,1,"fix lens inside housing, turn housing up in air, remove lens",2,,,,,,,,,,,,,,
RAY8S,Preparation,8,1,"fix lens inside housing, turn housing up in air, remove lens",4,,,,,,,,,,,,,,
RAY8S,Preparation,12,1,"fix lens inside housing, turn housing up in air, remove lens",6,,,,,,,,,,,,,,
RAY8W,Preparation,4,1,"fix lens inside housing, turn housing up in air, remove lens",2,,,,,,,,,,,,,,
RAY8W,Preparation,8,1,"fix lens inside housing, turn housing up in air, remove lens",4,,,,,,,,,,,,,,
RAY8W,Preparation,12,1,"fix lens inside housing, turn housing up in air, remove lens",6,,,,,,,,,,,,,,
SK,Preparation,10003,1,Completed installation for final ,7.5,,,,,,,,,,,,,,
SK,Preparation,10005,1,Completed installation for final ,7.5,,,,,,,,,,,,,,
SK,Preparation,10008,1,Completed installation for final ,7.5,,,,,,,,,,,,,,
SK,Preparation,10013,1,Completed installation for final ,7.5,,,,,,,,,,,,,,
SK,Preparation,10018,1,Completed installation for final ,7.5,,,,,,,,,,,,,,
SK,Preparation,10023,1,Completed installation for final ,7.5,,,,,,,,,,,,,,
SL,Preparation,4,1,-suspended section to cable and adjust if necessary,4,,,,,,,,,,,,,,
SL,Preparation,8,1,-suspended section to cable and adjust if necessary,8,,,,,,,,,,,,,,
SL,Preparation,12,1,-suspended section to cable and adjust if necessary,12,,,,,,,,,,,,,,
SL2HLED,Preparation,4,1,-suspended section to cable and adjust if necessary,4,,,,,,,,,,,,,,
SL2HLED,Preparation,8,1,-suspended section to cable and adjust if necessary,8,,,,,,,,,,,,,,
SL2HLED,Preparation,12,1,-suspended section to cable and adjust if necessary,12,,,,,,,,,,,,,,
SL2LLED,Preparation,4,1,-suspended section to cable and adjust if necessary,4,,,,,,,,,,,,,,
SL2LLED,Preparation,8,1,-suspended section to cable and adjust if necessary,8,,,,,,,,,,,,,,
SL2LLED,Preparation,12,1,-suspended section to cable and adjust if necessary,12,,,,,,,,,,,,,,
SLLED,Preparation,4,1,-suspended section to cable and adjust if necessary,4,,,,,,,,,,,,,,
SLLED,Preparation,8,1,-suspended section to cable and adjust if necessary,8,,,,,,,,,,,,,,
SLLED,Preparation,12,1,-suspended section to cable and adjust if necessary,12,,,,,,,,,,,,,,
SLW,Preparation,4,1,-suspended section to cable and adjust if necessary,4,,,,,,,,,,,,,,
SLW,Preparation,8,1,-suspended section to cable and adjust if necessary,8,,,,,,,,,,,,,,
SLW,Preparation,12,1,-suspended section to cable and adjust if necessary,12,,,,,,,,,,,,,,
SLWLED,Preparation,4,1,-suspended section to cable and adjust if necessary,4,,,,,,,,,,,,,,
SLWLED,Preparation,8,1,-suspended section to cable and adjust if necessary,8,,,,,,,,,,,,,,
SLWLED,Preparation,12,1,-suspended section to cable and adjust if necessary,12,,,,,,,,,,,,,,
SU,Preparation,4,1,-suspended section to cable and adjust if necessary,4,,,,,,,,,,,,,,
SU,Preparation,8,1,-suspended section to cable and adjust if necessary,8,,,,,,,,,,,,,,
SU,Preparation,12,1,-suspended section to cable and adjust if necessary,12,,,,,,,,,,,,,,
SUA,Preparation,4,1,-suspended section to cable and adjust if necessary,4,,,,,,,,,,,,,,
SUA,Preparation,8,1,-suspended section to cable and adjust if necessary,8,,,,,,,,,,,,,,
SUA,Preparation,12,1,-suspended section to cable and adjust if necessary,12,,,,,,,,,,,,,,
SUS,Preparation,4,1,-suspended section to cable and adjust if necessary,4,,,,,,,,,,,,,,
SUS,Preparation,8,1,-suspended section to cable and adjust if necessary,8,,,,,,,,,,,,,,
SUS,Preparation,12,1,-suspended section to cable and adjust if necessary,12,,,,,,,,,,,,,,
SUW,Preparation,4,1,-suspended section to cable and adjust if necessary,4,,,,,,,,,,,,,,
SUW,Preparation,8,1,-suspended section to cable and adjust if necessary,8,,,,,,,,,,,,,,
SUW,Preparation,12,1,-suspended section to cable and adjust if necessary,12,,,,,,,,,,,,,,
SUWA,Preparation,4,1,-suspended section to cable and adjust if necessary,4,,,,,,,,,,,,,,
SUWA,Preparation,8,1,-suspended section to cable and adjust if necessary,8,,,,,,,,,,,,,,
SUWA,Preparation,12,1,-suspended section to cable and adjust if necessary,12,,,,,,,,,,,,,,
TWC,Preparation,4,1,-suspended section to cable and adjust if necessary,4,,,,,,,,,,,,,,
TWC,Preparation,8,1,-suspended section to cable and adjust if necessary,8,,,,,,,,,,,,,,
TWC,Preparation,12,1,-suspended section to cable and adjust if necessary,12,,,,,,,,,,,,,,
TWCW,Preparation,4,1,-suspended section to cable and adjust if necessary,4,,,,,,,,,,,,,,
TWCW,Preparation,8,1,-suspended section to cable and adjust if necessary,8,,,,,,,,,,,,,,
TWCW,Preparation,12,1,-suspended section to cable and adjust if necessary,12,,,,,,,,,,,,,,
TWO,Preparation,4,1,-suspended section to cable and adjust if necessary,4,,,,,,,,,,,,,,
TWO,Preparation,8,1,-suspended section to cable and adjust if necessary,8,,,,,,,,,,,,,,
TWO,Preparation,12,1,-suspended section to cable and adjust if necessary,12,,,,,,,,,,,,,,
TWOW,Preparation,4,1,-suspended section to cable and adjust if necessary,4,,,,,,,,,,,,,,
TWOW,Preparation,8,1,-suspended section to cable and adjust if necessary,8,,,,,,,,,,,,,,
TWOW,Preparation,12,1,-suspended section to cable and adjust if necessary,12,,,,,,,,,,,,,,
TWR,Preparation,4,1,-suspended section to cable and adjust if necessary,4,,,,,,,,,,,,,,
TWR,Preparation,8,1,-suspended section to cable and adjust if necessary,8,,,,,,,,,,,,,,
TWR,Preparation,12,1,-suspended section to cable and adjust if necessary,12,,,,,,,,,,,,,,
TWRLED,Preparation,4,1,-suspended section to cable and adjust if necessary,4,,,,,,,,,,,,,,
TWRLED,Preparation,8,1,-suspended section to cable and adjust if necessary,8,,,,,,,,,,,,,,
TWRLED,Preparation,12,1,-suspended section to cable and adjust if necessary,12,,,,,,,,,,,,,,
TWRW,Preparation,4,1,-suspended section to cable and adjust if necessary,4,,,,,,,,,,,,,,
TWRW,Preparation,8,1,-suspended section to cable and adjust if necessary,8,,,,,,,,,,,,,,
TWRW,Preparation,12,1,-suspended section to cable and adjust if necessary,12,,,,,,,,,,,,,,
TWRWLED,Preparation,4,1,-suspended section to cable and adjust if necessary,4,,,,,,,,,,,,,,
TWRWLED,Preparation,8,1,-suspended section to cable and adjust if necessary,8,,,,,,,,,,,,,,
TWRWLED,Preparation,12,1,-suspended section to cable and adjust if necessary,12,,,,,,,,,,,,,,
B3RLED,Assembly,4,1,"UL,CRF,Qc,Ax1",0.45,,,,,,,,,,,,,,
B3RLED,Assembly,8,1,"UL,CRF,Qc,Ax1",0.45,,,,,,,,,,,,,,
B3RLED,Assembly,12,1,"UL,CRF,Qc,Ax1",0.45,,,,,,,,,,,,,,
B3RLED,Assembly,4,2,Standard inspection,1,,,,,,,,,,,,,,
B3RLED,Assembly,8,2,Standard inspection,1,,,,,,,,,,,,,,
B3RLED,Assembly,12,2,Standard inspection,1,,,,,,,,,,,,,,
SKFLED,Sub-Assembly,22,,Complete installation,7.5,,,,,,,,,,,,,,
CUBLED,Sub-Assembly,4,1,suspended section to cable and adjust if necessary,4,,,,,,,,,,,,,,
CUBLED,Assembly,8,1,suspended section to cable and adjust if necessary,8,,,,,,,,,,,,,,
CUBLED,Assembly,12,1,suspended section to cable and adjust if necessary,12,,,,,,,,,,,,,,
CUBWLED,Sub-Assembly,4,1,suspended section to cable and adjust if necessary,4,,,,,,,,,,,,,,
CUBWLED,Assembly,8,1,suspended section to cable and adjust if necessary,8,,,,,,,,,,,,,,
CUBWLED,Assembly,12,1,suspended section to cable and adjust if necessary,12,,,,,,,,,,,,,,
LTLED,Sub-Assembly,4,1,suspended section to cable and adjust if necessary,4,,,,,,,,,,,,,,
LTLED,Assembly,8,1,suspended section to cable and adjust if necessary,8,,,,,,,,,,,,,,
LTLED,Assembly,12,1,suspended section to cable and adjust if necessary,12,,,,,,,,,,,,,,
LTWLED,Sub-Assembly,4,1,suspended section to cable and adjust if necessary,4,,,,,,,,,,,,,,
LTWLED,Assembly,8,1,suspended section to cable and adjust if necessary,8,,,,,,,,,,,,,,
LTWLED,Assembly,12,1,suspended section to cable and adjust if necessary,12,,,,,,,,,,,,,,
CUBLED,Assembly,4,2,try up light reflector,0.17,,,,,,,,,,,,,,
CUBLED,Assembly,4,3,try down light reflector,0.17,,,,,,,,,,,,,,
CUBLED,Assembly,8,2,try up light reflector,0.25,,,,,,,,,,,,,,
CUBLED,Assembly,8,3,try down light reflector,0.25,,,,,,,,,,,,,,
CUBLED,Assembly,12,2,try up light reflector,0.33,,,,,,,,,,,,,,
CUBLED,Assembly,12,3,try down light reflector,0.33,,,,,,,,,,,,,,
CUBWLED,Assembly,4,2,try up light reflector,0.17,,,,,,,,,,,,,,
CUBWLED,Assembly,4,3,try down light reflector,0.17,,,,,,,,,,,,,,
CUBWLED,Assembly,8,2,try up light reflector,0.25,,,,,,,,,,,,,,
CUBWLED,Assembly,8,3,try down light reflector,0.25,,,,,,,,,,,,,,
CUBWLED,Assembly,12,2,try up light reflector,0.33,,,,,,,,,,,,,,
CUBWLED,Assembly,12,3,try down light reflector,0.33,,,,,,,,,,,,,,
