Product ID,Lighting,Fixture Type,Option,Work Center,ID,Task,Time(min),,,,Sum of Time(min),Column Labels,,,
AR,fluorescent,pendant,itsfec,Drill,1,Drill ITS holes(2) on end cap,0.88,,,,Row Labels,Single Saw,Drill,Preparation,Grand Total
ARLED,led,pendant,itslec,Drill,1,Drill ITS hole(1) on end cap,0.5,,,,101C,,,0.6,0.6
ARS,fluorescent,surface,itsfec,Drill,1,Drill ITS holes(2) on end cap,0.88,,,,101CA,,,0.6,0.6
ARSLED,led,surface,itslec,Drill,1,Drill ITS hole(1) on end cap,0.5,,,,101CS,,,0.6,0.6
ARW,fluorescent,wall,itsfec,Drill,1,Drill ITS holes(2) on end cap,0.88,,,,101CW,,,0.6,0.6
ARWBT,fluorescent,wall,itsfec,Drill,1,Drill ITS holes(2) on end cap,0.88,,,,101CWA,,,0.6,0.6
ARWBTLED,led,wall,itslec,Drill,1,Drill ITS hole(1) on end cap,0.5,,,,101F,,,0.6,0.6
ARWLED,led,wall,itslec,Drill,1,Drill ITS hole(1) on end cap,0.5,,,,101FA,,,0.6,0.6
B6,fluorescent,pendant,itsfec,Drill,1,Drill ITS holes(2) on end cap,0.88,,,,101FW,,,0.6,0.6
B6D,fluorescent,pendant,itsfec,Drill,1,Drill ITS holes(2) on end cap,0.88,,,,101FWA,,,0.6,0.6
B6DLED,led,pendant,itslec,Drill,1,Drill ITS hole(1) on end cap,0.5,,,,202C,,,0.6,0.6
B6DLEDPAT,led,pendant,itslec,Drill,1,Drill ITS hole(1) on end cap,0.5,,,,202CA,,,0.6,0.6
B6DPAT,fluorescent,pendant,itsfec,Drill,1,Drill ITS holes(2) on end cap,0.88,,,,202CS,,,0.6,0.6
B6I,fluorescent,pendant,itsfec,Drill,1,Drill ITS holes(2) on end cap,0.88,,,,202CW,,,0.6,0.6
B6ILEDPAT,led,pendant,itslec,Drill,1,Drill ITS hole(1) on end cap,0.5,,,,202CWA,,,0.6,0.6
B6IPAT,fluorescent,pendant,itsfec,Drill,1,Drill ITS holes(2) on end cap,0.88,,,,202F,,,0.6,0.6
B6LEDPAT,led,pendant,itslec,Drill,1,Drill ITS hole(1) on end cap,0.5,,,,202FA,,,0.6,0.6
B6PAT,fluorescent,pendant,itsfec,Drill,1,Drill ITS holes(2) on end cap,0.88,,,,202FW,,,0.6,0.6
B6S,fluorescent,surface,itsfec,Drill,1,Drill ITS holes(2) on end cap,0.88,,,,202FWA,,,0.6,0.6
B6SLED,led,surface,itslec,Drill,1,Drill ITS hole(1) on end cap,0.5,,,,202LED,,,0.6,0.6
B6SLEDPAT,led,surface,itslec,Drill,1,Drill ITS hole(1) on end cap,0.5,,,,202WLED,,,0.6,0.6
B6SPAT,fluorescent,surface,itsfec,Drill,1,Drill ITS holes(2) on end cap,0.88,,,,AR,,0.88,,0.88
B6W,fluorescent,wall,itsfec,Drill,1,Drill ITS holes(2) on end cap,0.88,,,,ARC,,,0.6,0.6
B6WD,fluorescent,wall,itsfec,Drill,1,Drill ITS holes(2) on end cap,0.88,,,,ARCA,,,0.6,0.6
B6WDLED,led,wall,itslec,Drill,1,Drill ITS hole(1) on end cap,0.5,,,,ARCLED,,,0.6,0.6
B6WDLEDPAT,led,wall,itslec,Drill,1,Drill ITS hole(1) on end cap,0.5,,,,ARCW,,,0.6,0.6
B6WDPAT,fluorescent,wall,itsfec,Drill,1,Drill ITS holes(2) on end cap,0.88,,,,ARCWA,,,0.6,0.6
B6WI,fluorescent,wall,itsfec,Drill,1,Drill ITS holes(2) on end cap,0.88,,,,ARCWLED,,,0.6,0.6
B6WILEDPAT,led,wall,itslec,Drill,1,Drill ITS hole(1) on end cap,0.5,,,,ARLED,,0.5,,0.5
B6WIPAT,fluorescent,wall,itsfec,Drill,1,Drill ITS holes(2) on end cap,0.88,,,,ARS,,0.88,,0.88
B6WLEDPAT,led,wall,itslec,Drill,1,Drill ITS hole(1) on end cap,0.5,,,,ARSLED,,0.5,,0.5
B6WPAT,fluorescent,wall,itsfec,Drill,1,Drill ITS holes(2) on end cap,0.88,,,,ARW,,0.88,,0.88
BB,fluorescent,pendant,itsfec,Drill,1,Drill ITS holes(2) on end cap,0.88,,,,ARWBT,,0.88,,0.88
BBD,fluorescent,pendant,itsfec,Drill,1,Drill ITS holes(2) on end cap,0.88,,,,ARWBTLED,,0.5,,0.5
BBDILED,led,pendant,itslec,Drill,1,Drill ITS hole(1) on end cap,0.5,,,,ARWLED,,0.5,,0.5
BBDILEDPAT,led,pendant,itslec,Drill,1,Drill ITS hole(1) on end cap,0.5,,,,B6,,0.88,,0.88
BBDLED,led,pendant,itslec,Drill,1,Drill ITS hole(1) on end cap,0.5,,,,B6D,,0.88,,0.88
BBDLEDPAT,led,pendant,itslec,Drill,1,Drill ITS hole(1) on end cap,0.5,,,,B6DLED,,0.5,,0.5
BBDPAT,fluorescent,pendant,itsfec,Drill,1,Drill ITS holes(2) on end cap,0.88,,,,B6DLEDPAT,,0.5,,0.5
BBI,fluorescent,pendant,itsfec,Drill,1,Drill ITS holes(2) on end cap,0.88,,,,B6DPAT,,0.88,,0.88
BBILED,led,pendant,itslec,Drill,1,Drill ITS hole(1) on end cap,0.5,,,,B6I,,0.88,,0.88
BBILED2,led,pendant,itslec,Drill,1,Drill ITS hole(1) on end cap,0.5,,,,B6ILED,,0.5,,0.5
BBILEDPAT,led,pendant,itslec,Drill,1,Drill ITS hole(1) on end cap,0.5,,,,B6ILEDPAT,,0.5,,0.5
BBIPAT,fluorescent,pendant,itsfec,Drill,1,Drill ITS holes(2) on end cap,0.88,,,,B6IPAT,,0.88,,0.88
BBLED2,led,pendant,itslec,Drill,1,Drill ITS hole(1) on end cap,0.5,,,,B6LEDPAT,,0.5,,0.5
BBLEDPAT,led,pendant,itslec,Drill,1,Drill ITS hole(1) on end cap,0.5,,,,B6PAT,,0.88,,0.88
BBPAT,fluorescent,pendant,itsfec,Drill,1,Drill ITS holes(2) on end cap,0.88,,,,B6R,,,0.6,0.6
BBS,fluorescent,surface,itsfec,Drill,1,Drill ITS holes(2) on end cap,0.88,,,,B6RLED,,,0.32,0.32
BBSLED,led,surface,itslec,Drill,1,Drill ITS hole(1) on end cap,0.5,,,,B6RLEDPAT,,,0.32,0.32
BBSLEDPAT,led,surface,itslec,Drill,1,Drill ITS hole(1) on end cap,0.5,,,,B6RPAT,,,0.6,0.6
BBSPAT,fluorescent,surface,itsfec,Drill,1,Drill ITS holes(2) on end cap,0.88,,,,B6RV,,,0.6,0.6
BBW,fluorescent,wall,itsfec,Drill,1,Drill ITS holes(2) on end cap,0.88,,,,B6RVLED,,,0.32,0.32
BBWD,fluorescent,wall,itsfec,Drill,1,Drill ITS holes(2) on end cap,0.88,,,,B6S,,0.88,,0.88
BBWDILED,led,wall,itslec,Drill,1,Drill ITS hole(1) on end cap,0.5,,,,B6SLED,,0.5,,0.5
BBWDLED,led,wall,itslec,Drill,1,Drill ITS hole(1) on end cap,0.5,,,,B6SLEDPAT,,0.5,,0.5
BBWDLEDPAT,led,wall,itslec,Drill,1,Drill ITS hole(1) on end cap,0.5,,,,B6SPAT,,0.88,,0.88
BBWDPAT,fluorescent,wall,itsfec,Drill,1,Drill ITS holes(2) on end cap,0.88,,,,B6W,,0.88,,0.88
BBWI,fluorescent,wall,itsfec,Drill,1,Drill ITS holes(2) on end cap,0.88,,,,B6WD,,0.88,,0.88
BBWILED,led,wall,itslec,Drill,1,Drill ITS hole(1) on end cap,0.5,,,,B6WDLED,,0.5,,0.5
BBWILEDPAT,led,wall,itslec,Drill,1,Drill ITS hole(1) on end cap,0.5,,,,B6WDLEDPAT,,0.5,,0.5
BBWIPAT,fluorescent,wall,itsfec,Drill,1,Drill ITS holes(2) on end cap,0.88,,,,B6WDPAT,,0.88,,0.88
BBWLEDPAT,led,wall,itslec,Drill,1,Drill ITS hole(1) on end cap,0.5,,,,B6WI,,0.88,,0.88
BBWPAT,fluorescent,wall,itsfec,Drill,1,Drill ITS holes(2) on end cap,0.88,,,,B6WILED,,0.5,,0.5
BD,fluorescent,pendant,itsfec,Drill,1,Drill ITS holes(2) on end cap,0.88,,,,B6WILEDPAT,,0.5,,0.5
BDI,fluorescent,pendant,itsfec,Drill,1,Drill ITS holes(2) on end cap,0.88,,,,B6WIPAT,,0.88,,0.88
BDIW,fluorescent,wall,itsfec,Drill,1,Drill ITS holes(2) on end cap,0.88,,,,B6WLEDPAT,,0.5,,0.5
BDLED,led,pendant,itslec,Drill,1,Drill ITS hole(1) on end cap,0.5,,,,B6WPAT,,0.88,,0.88
BDLEDPAT,led,pendant,itslec,Drill,1,Drill ITS hole(1) on end cap,0.5,,,,BAS,,,0.6,0.6
BDPAT,fluorescent,pendant,itsfec,Drill,1,Drill ITS holes(2) on end cap,0.88,,,,BASA,,,0.6,0.6
BI,fluorescent,pendant,itsfec,Drill,1,Drill ITS holes(2) on end cap,0.88,,,,BASS,,,0.6,0.6
BILED,led,pendant,itslec,Drill,1,Drill ITS hole(1) on end cap,0.5,,,,BASW,,,0.6,0.6
BILEDPAT,led,pendant,itslec,Drill,1,Drill ITS hole(1) on end cap,0.5,,,,BASWA,,,0.6,0.6
BIPAT,fluorescent,pendant,itsfec,Drill,1,Drill ITS holes(2) on end cap,0.88,,,,BB,,0.88,,0.88
BLEDPAT,led,pendant,itslec,Drill,1,Drill ITS hole(1) on end cap,0.5,,,,BBD,,0.88,,0.88
BMD,fluorescent,pendant,itsfec,Drill,1,Drill ITS holes(2) on end cap,0.88,,,,BBDILED,,0.5,,0.5
BMDLED,led,pendant,itslec,Drill,1,Drill ITS hole(1) on end cap,0.5,,,,BBDILEDPAT,,0.5,,0.5
BMDLEDPAT,led,pendant,itslec,Drill,1,Drill ITS hole(1) on end cap,0.5,,,,BBDLED,,0.5,,0.5
BMDPAT,fluorescent,pendant,itsfec,Drill,1,Drill ITS holes(2) on end cap,0.88,,,,BBDLEDPAT,,0.5,,0.5
BMI,fluorescent,pendant,itsfec,Drill,1,Drill ITS holes(2) on end cap,0.88,,,,BBDPAT,,0.88,,0.88
BMILED,led,pendant,itslec,Drill,1,Drill ITS hole(1) on end cap,0.5,,,,BBI,,0.88,,0.88
BMILEDPAT,led,pendant,itslec,Drill,1,Drill ITS hole(1) on end cap,0.5,,,,BBILED,,0.5,,0.5
BMIPAT,fluorescent,pendant,itsfec,Drill,1,Drill ITS holes(2) on end cap,0.88,,,,BBILED2,,0.5,,0.5
BMLEDPAT,led,pendant,itslec,Drill,1,Drill ITS hole(1) on end cap,0.5,,,,BBILEDPAT,,0.5,,0.5
BMR,fluorescent,recessed,itsfbl,Drill,2,Drill ITS holes(2) in cover blank,0.5,,,,BBIPAT,,0.88,,0.88
BMRLED,led,recessed,itslbl,Drill,2,Drill ITS hole(1) in cover blank,0.35,,,,BBLED2,,0.5,,0.5
BMRLEDPAT,led,recessed,itslbl,Drill,2,Drill ITS hole(1) in cover blank,0.35,,,,BBLEDPAT,,0.5,,0.5
BMRPAT,fluorescent,recessed,itsfbl,Drill,2,Drill ITS holes(2) in cover blank,0.5,,,,BBPAT,,0.88,,0.88
BMRV,fluorescent,recessed,itsfbl,Drill,2,Drill ITS holes(2) in cover blank,0.5,,,,BBR,,,0.6,0.6
BMRVLED,led,recessed,itslbl,Drill,2,Drill ITS hole(1) in cover blank,0.35,,,,BBRLED,,,0.32,0.32
BMS,fluorescent,surface,itsfec,Drill,1,Drill ITS holes(2) on end cap,0.88,,,,BBRLEDPAT,,,0.32,0.32
BMSLED,led,surface,itslec,Drill,1,Drill ITS hole(1) on end cap,0.5,,,,BBRPAT,,,0.6,0.6
BMSLEDPAT,led,surface,itslec,Drill,1,Drill ITS hole(1) on end cap,0.5,,,,BBRV,,,0.6,0.6
BMSPAT,fluorescent,surface,itsfec,Drill,1,Drill ITS holes(2) on end cap,0.88,,,,BBRVLED,,,0.32,0.32
BMWD,fluorescent,wall,itsfec,Drill,1,Drill ITS holes(2) on end cap,0.88,,,,BBS,,0.88,,0.88
BMWDLED,led,wall,itslec,Drill,1,Drill ITS hole(1) on end cap,0.5,,,,BBSLED,,0.5,,0.5
BMWDLEDPAT,led,wall,itslec,Drill,1,Drill ITS hole(1) on end cap,0.5,,,,BBSLEDPAT,,0.5,,0.5
BMWDPAT,fluorescent,wall,itsfec,Drill,1,Drill ITS holes(2) on end cap,0.88,,,,BBSPAT,,0.88,,0.88
BMWI,fluorescent,wall,itsfec,Drill,1,Drill ITS holes(2) on end cap,0.88,,,,BBW,,0.88,,0.88
BMWILED,led,wall,itslec,Drill,1,Drill ITS hole(1) on end cap,0.5,,,,BBWD,,0.88,,0.88
BMWILEDPAT,led,wall,itslec,Drill,1,Drill ITS hole(1) on end cap,0.5,,,,BBWDILED,,0.5,,0.5
BMWIPAT,fluorescent,wall,itsfec,Drill,1,Drill ITS holes(2) on end cap,0.88,,,,BBWDLED,,0.5,,0.5
BMWLEDPAT,led,wall,itslec,Drill,1,Drill ITS hole(1) on end cap,0.5,,,,BBWDLEDPAT,,0.5,,0.5
BMWPAT,fluorescent,wall,itsfec,Drill,1,Drill ITS holes(2) on end cap,0.88,,,,BBWDPAT,,0.88,,0.88
BMWV,fluorescent,wall,itsfec,Drill,1,Drill ITS holes(2) on end cap,0.88,,,,BBWI,,0.88,,0.88
BMWVLED,led,wall,itslec,Drill,1,Drill ITS hole(1) on end cap,0.5,,,,BBWILED,,0.5,,0.5
BR,fluorescent,recessed,itsfbl,Drill,2,Drill ITS holes(2) in cover blank,0.5,,,,BBWILEDPAT,,0.5,,0.5
BRLED,led,recessed,itslbl,Drill,2,Drill ITS hole(1) in cover blank,0.35,,,,BBWIPAT,,0.88,,0.88
BRLEDPAT,led,recessed,itslbl,Drill,2,Drill ITS hole(1) in cover blank,0.35,,,,BBWLEDPAT,,0.5,,0.5
BRPAT,fluorescent,recessed,itsfbl,Drill,2,Drill ITS holes(2) in cover blank,0.5,,,,BBWPAT,,0.88,,0.88
BRV,fluorescent,recessed,itsfbl,Drill,2,Drill ITS holes(2) in cover blank,0.5,,,,BD,,0.88,,0.88
BRVLED,led,recessed,itslbl,Drill,2,Drill ITS hole(1) in cover blank,0.35,,,,BDI,,0.88,,0.88
BS,fluorescent,surface,itsfec,Drill,1,Drill ITS holes(2) on end cap,0.88,,,,BDIW,,0.88,,0.88
BSLED,led,surface,itslec,Drill,1,Drill ITS hole(1) on end cap,0.5,,,,BDLED,,0.5,,0.5
BSLEDPAT,led,surface,itslec,Drill,1,Drill ITS hole(1) on end cap,0.5,,,,BDLEDPAT,,0.5,,0.5
BSPAT,fluorescent,surface,itsfec,Drill,1,Drill ITS holes(2) on end cap,0.88,,,,BDPAT,,0.88,,0.88
BWD,fluorescent,wall,itsfec,Drill,1,Drill ITS holes(2) on end cap,0.88,,,,BI,,0.88,,0.88
BWDLED,led,wall,itslec,Drill,1,Drill ITS hole(1) on end cap,0.5,,,,BILED,,0.5,,0.5
BWDLEDPAT,led,wall,itslec,Drill,1,Drill ITS hole(1) on end cap,0.5,,,,BILEDPAT,,0.5,,0.5
BWDPAT,fluorescent,wall,itsfec,Drill,1,Drill ITS holes(2) on end cap,0.88,,,,BIPAT,,0.88,,0.88
BWI,fluorescent,wall,itsfec,Drill,1,Drill ITS holes(2) on end cap,0.88,,,,BLEDPAT,,0.5,,0.5
BWILED,led,wall,itslec,Drill,1,Drill ITS hole(1) on end cap,0.5,,,,BMD,,0.88,,0.88
BWILEDPAT,led,wall,itslec,Drill,1,Drill ITS hole(1) on end cap,0.5,,,,BMDLED,,0.5,,0.5
BWIPAT,fluorescent,wall,itsfec,Drill,1,Drill ITS holes(2) on end cap,0.88,,,,BMDLEDPAT,,0.5,,0.5
BWLEDPAT,led,wall,itslec,Drill,1,Drill ITS hole(1) on end cap,0.5,,,,BMDPAT,,0.88,,0.88
BWPAT,fluorescent,wall,itsfec,Drill,1,Drill ITS holes(2) on end cap,0.88,,,,BMI,,0.88,,0.88
BWV,fluorescent,wall,itsfec,Drill,1,Drill ITS holes(2) on end cap,0.88,,,,BMILED,,0.5,,0.5
BWVLED,led,wall,itslec,Drill,1,Drill ITS hole(1) on end cap,0.5,,,,BMILEDPAT,,0.5,,0.5
D5,fluorescent,pendant,itsfec,Drill,1,Drill ITS holes(2) on end cap,0.88,,,,BMIPAT,,0.88,,0.88
D5S,fluorescent,surface,itsfec,Drill,1,Drill ITS holes(2) on end cap,0.88,,,,BMLEDPAT,,0.5,,0.5
D5W,fluorescent,wall,itsfec,Drill,1,Drill ITS holes(2) on end cap,0.88,,,,BMR,0.58,0.5,,1.08
EL,fluorescent,pendant,itsfec,Drill,1,Drill ITS holes(2) on end cap,0.88,,,,BMRLED,0.29,0.35,,0.64
ELS,fluorescent,surface,itsfec,Drill,1,Drill ITS holes(2) on end cap,0.88,,,,BMRLEDPAT,0.29,0.35,,0.64
ELW,fluorescent,wall,itsfec,Drill,1,Drill ITS holes(2) on end cap,0.88,,,,BMRPAT,0.58,0.5,,1.08
FL,fluorescent,pendant,itsfbl,Drill,2,Drill ITS holes(2) in cover blank,0.5,,,,BMRV,0.58,0.5,,1.08
FLW,fluorescent,wall,itsfbl,Drill,2,Drill ITS holes(2) in cover blank,0.5,,,,BMRVLED,0.29,0.35,,0.64
MB,fluorescent,pendant,itsfec,Drill,1,Drill ITS holes(2) on end cap,0.88,,,,BMS,,0.88,,0.88
MBLED,led,pendant,itslec,Drill,1,Drill ITS hole(1) on end cap,0.5,,,,BMSLED,,0.5,,0.5
MBS,fluorescent,surface,itsfec,Drill,1,Drill ITS holes(2) on end cap,0.88,,,,BMSLEDPAT,,0.5,,0.5
MBSLED,led,surface,itslec,Drill,1,Drill ITS hole(1) on end cap,0.5,,,,BMSPAT,,0.88,,0.88
MBST,fluorescent,surface,itsfec,Drill,1,Drill ITS holes(2) on end cap,0.88,,,,BMWD,,0.88,,0.88
MBT,fluorescent,pendant,itsfec,Drill,1,Drill ITS holes(2) on end cap,0.88,,,,BMWDLED,,0.5,,0.5
MBW,fluorescent,wall,itsfec,Drill,1,Drill ITS holes(2) on end cap,0.88,,,,BMWDLEDPAT,,0.5,,0.5
MBWLED,led,wall,itslec,Drill,1,Drill ITS hole(1) on end cap,0.5,,,,BMWDPAT,,0.88,,0.88
MBWT,fluorescent,wall,itsfec,Drill,1,Drill ITS holes(2) on end cap,0.88,,,,BMWI,,0.88,,0.88
MBWV,fluorescent,wall,itsfec,Drill,1,Drill ITS holes(2) on end cap,0.88,,,,BMWILED,,0.5,,0.5
MBWVLED,led,wall,itslec,Drill,1,Drill ITS hole(1) on end cap,0.5,,,,BMWILEDPAT,,0.5,,0.5
PICD,fluorescent,pendant,itsfec,Drill,1,Drill ITS holes(2) on end cap,0.88,,,,BMWIPAT,,0.88,,0.88
PICI,fluorescent,pendant,itsfec,Drill,1,Drill ITS holes(2) on end cap,0.88,,,,BMWLEDPAT,,0.5,,0.5
PICR,fluorescent,pendant,itsfec,Drill,1,Drill ITS holes(2) on end cap,0.88,,,,BMWPAT,,0.88,,0.88
PICWD,fluorescent,wall,itsfec,Drill,1,Drill ITS holes(2) on end cap,0.88,,,,BMWV,,0.88,,0.88
PICWI,fluorescent,wall,itsfec,Drill,1,Drill ITS holes(2) on end cap,0.88,,,,BMWVLED,,0.5,,0.5
PICWR,fluorescent,wall,itsfec,Drill,1,Drill ITS holes(2) on end cap,0.88,,,,BR,0.58,0.5,,1.08
PMD,fluorescent,pendant,itsfec,Drill,1,Drill ITS holes(2) on end cap,0.88,,,,BRLED,0.29,0.35,,0.64
PMI,fluorescent,pendant,itsfec,Drill,1,Drill ITS holes(2) on end cap,0.88,,,,BRLEDPAT,0.29,0.35,,0.64
PMR,fluorescent,pendant,itsfec,Drill,1,Drill ITS holes(2) on end cap,0.88,,,,BRPAT,0.58,0.5,,1.08
PMRLED,led,pendant,itslec,Drill,1,Drill ITS hole(1) on end cap,0.5,,,,BRV,0.58,0.5,,1.08
PMWD,fluorescent,wall,itsfec,Drill,1,Drill ITS holes(2) on end cap,0.88,,,,BRVLED,0.29,0.35,,0.64
PMWI,fluorescent,wall,itsfec,Drill,1,Drill ITS holes(2) on end cap,0.88,,,,BS,,0.88,,0.88
PMWR,fluorescent,wall,itsfec,Drill,1,Drill ITS holes(2) on end cap,0.88,,,,BSLED,,0.5,,0.5
PR,fluorescent,pendant,itsfec,Drill,1,Drill ITS holes(2) on end cap,0.88,,,,BSLEDPAT,,0.5,,0.5
PRLED,led,pendant,itslec,Drill,1,Drill ITS hole(1) on end cap,0.5,,,,BSPAT,,0.88,,0.88
PRS,fluorescent,surface,itsfec,Drill,1,Drill ITS holes(2) on end cap,0.88,,,,BWD,,0.88,,0.88
PRSLED,led,surface,itslec,Drill,1,Drill ITS hole(1) on end cap,0.5,,,,BWDLED,,0.5,,0.5
PRW,fluorescent,wall,itsfec,Drill,1,Drill ITS holes(2) on end cap,0.88,,,,BWDLEDPAT,,0.5,,0.5
PRWLED,led,wall,itslec,Drill,1,Drill ITS hole(1) on end cap,0.5,,,,BWDPAT,,0.88,,0.88
PW,fluorescent,pendant,itsfec,Drill,1,Drill ITS holes(2) on end cap,0.88,,,,BWI,,0.88,,0.88
PWLED,led,pendant,itslec,Drill,1,Drill ITS hole(1) on end cap,0.5,,,,BWILED,,0.5,,0.5
PWS,fluorescent,surface,itsfec,Drill,1,Drill ITS holes(2) on end cap,0.88,,,,BWILEDPAT,,0.5,,0.5
PWSLED,led,surface,itslec,Drill,1,Drill ITS hole(1) on end cap,0.5,,,,BWIPAT,,0.88,,0.88
PWW,fluorescent,wall,itsfec,Drill,1,Drill ITS holes(2) on end cap,0.88,,,,BWLEDPAT,,0.5,,0.5
PWWLED,led,wall,itslec,Drill,1,Drill ITS hole(1) on end cap,0.5,,,,BWPAT,,0.88,,0.88
SCD,led,wall,itslec,Drill,1,Drill ITS hole(1) on end cap,0.5,,,,BWV,,0.88,,0.88
SCDI,led,wall,itslec,Drill,1,Drill ITS hole(1) on end cap,0.5,,,,BWVLED,,0.5,,0.5
SCR,fluorescent,pendant,itsfbl,Drill,2,Drill ITS holes(2) in cover blank,0.5,,,,CU,,,0.6,0.6
SCRPAT,fluorescent,pendant,itsfbl,Drill,2,Drill ITS holes(2) in cover blank,0.5,,,,CUA,,,0.6,0.6
SCRV,fluorescent,pendant,itsfbl,Drill,2,Drill ITS holes(2) in cover blank,0.5,,,,CUB,,,0.6,0.6
SCS,led,wall,itslec,Drill,1,Drill ITS hole(1) on end cap,0.5,,,,CUBA,,,0.6,0.6
SCWD,led,wall,itslec,Drill,1,Drill ITS hole(1) on end cap,0.5,,,,CUBS,,,0.6,0.6
SCWDI,led,wall,itslec,Drill,1,Drill ITS hole(1) on end cap,0.5,,,,CUBW,,,0.6,0.6
SKPLED,fluorescent,pendant,itsfbl,Drill,2,Drill ITS holes(2) in cover blank,0.5,,,,CUBWA,,,0.6,0.6
SL2HLED,led,pendant,itslext,Drill,1,Drill ITS hole(1) on extrusion,0.47,,,,CUS,,,0.6,0.6
SL2LLED,led,pendant,itslext,Drill,1,Drill ITS hole(1) on extrusion,0.47,,,,CUW,,,0.6,0.6
SOL,fluorescent,pendant,itsfext,Drill,1,Drill ITS holes(2) on extrusion,0.83,,,,CUWA,,,0.6,0.6
SOLS,fluorescent,surface,itsfext,Drill,1,Drill ITS holes(2) on extrusion,0.83,,,,D5,,0.88,,0.88
SOLW,fluorescent,wall,itsfext,Drill,1,Drill ITS holes(2) on extrusion,0.83,,,,D5S,,0.88,,0.88
SU,fluorescent,pendant,itsfec,Drill,1,Drill ITS holes(2) on end cap,0.88,,,,D5W,,0.88,,0.88
SUA,fluorescent,pendant,itsfec,Drill,1,Drill ITS holes(2) on end cap,0.88,,,,DAYC,,,0.6,0.6
SUS,fluorescent,surface,itsfec,Drill,1,Drill ITS holes(2) on end cap,0.88,,,,DAYCLED,,,0.32,0.32
SUW,fluorescent,wall,itsfec,Drill,1,Drill ITS holes(2) on end cap,0.88,,,,DAYF,,,0.6,0.6
SUWA,fluorescent,wall,itsfec,Drill,1,Drill ITS holes(2) on end cap,0.88,,,,DAYFLED,,,0.32,0.32
TB,fluorescent,pendant,itsfec,Drill,1,Drill ITS holes(2) on end cap,0.88,,,,DIA,,,0.6,0.6
TBDILED,led,pendant,itslec,Drill,1,Drill ITS hole(1) on end cap,0.5,,,,DIALED,,,0.32,0.32
TBDILEDPAT,led,pendant,itslec,Drill,1,Drill ITS hole(1) on end cap,0.5,,,,DUO,,,0.6,0.6
TBDLED,led,pendant,itslec,Drill,1,Drill ITS hole(1) on end cap,0.5,,,,EL,,0.88,,0.88
TBDLEDPAT,led,pendant,itslec,Drill,1,Drill ITS hole(1) on end cap,0.5,,,,ELS,,0.88,,0.88
TBDPAT,fluorescent,pendant,itsfec,Drill,1,Drill ITS holes(2) on end cap,0.88,,,,ELW,,0.88,,0.88
TBILED,led,pendant,itslec,Drill,1,Drill ITS hole(1) on end cap,0.5,,,,FL,0.58,0.5,,1.08
TBILEDPAT,led,pendant,itslec,Drill,1,Drill ITS hole(1) on end cap,0.5,,,,FLW,0.58,0.5,,1.08
TBIPAT,fluorescent,pendant,itsfec,Drill,1,Drill ITS holes(2) on end cap,0.88,,,,L2,,,0.6,0.6
TBLEDPAT,led,pendant,itslec,Drill,1,Drill ITS hole(1) on end cap,0.5,,,,L2A,,,0.6,0.6
TBPAT,fluorescent,pendant,itsfec,Drill,1,Drill ITS holes(2) on end cap,0.88,,,,L2S,,,0.6,0.6
TBW,fluorescent,wall,itsfec,Drill,1,Drill ITS holes(2) on end cap,0.88,,,,L2W,,,0.6,0.6
TBWDILED,led,wall,itslec,Drill,1,Drill ITS hole(1) on end cap,0.5,,,,L2WA,,,0.6,0.6
TBWDILEDPAT,led,wall,itslec,Drill,1,Drill ITS hole(1) on end cap,0.5,,,,LT,,,0.6,0.6
TBWDLED,led,wall,itslec,Drill,1,Drill ITS hole(1) on end cap,0.5,,,,LTA,,,0.6,0.6
TBWDLEDPAT,led,wall,itslec,Drill,1,Drill ITS hole(1) on end cap,0.5,,,,LTLED,,,0.32,0.32
TBWDPAT,fluorescent,wall,itsfec,Drill,1,Drill ITS holes(2) on end cap,0.88,,,,LTW,,,0.6,0.6
TBWILED,led,wall,itslec,Drill,1,Drill ITS hole(1) on end cap,0.5,,,,LTWA,,,0.6,0.6
TBWILEDPAT,led,wall,itslec,Drill,1,Drill ITS hole(1) on end cap,0.5,,,,LTWLED,,,0.32,0.32
TBWIPAT,fluorescent,wall,itsfec,Drill,1,Drill ITS holes(2) on end cap,0.88,,,,MB,,0.88,,0.88
TBWPAT,fluorescent,wall,itsfec,Drill,1,Drill ITS holes(2) on end cap,0.88,,,,MBLED,,0.5,,0.5
TWC,fluorescent,pendant,itsfec,Drill,1,Drill ITS holes(2) on end cap,0.88,,,,MBS,,0.88,,0.88
TWCW,fluorescent,wall,itsfec,Drill,1,Drill ITS holes(2) on end cap,0.88,,,,MBSLED,,0.5,,0.5
TWO,fluorescent,pendant,itsfec,Drill,1,Drill ITS holes(2) on end cap,0.88,,,,MBST,,0.88,,0.88
TWOW,fluorescent,wall,itsfec,Drill,1,Drill ITS holes(2) on end cap,0.88,,,,MBT,,0.88,,0.88
TWR,fluorescent,pendant,itsfec,Drill,1,Drill ITS holes(2) on end cap,0.88,,,,MBW,,0.88,,0.88
TWRLED,led,pendant,itslec,Drill,1,Drill ITS hole(1) on end cap,0.5,,,,MBWLED,,0.5,,0.5
TWRW,fluorescent,wall,itsfec,Drill,1,Drill ITS holes(2) on end cap,0.88,,,,MBWT,,0.88,,0.88
TWRWLED,led,wall,itslec,Drill,1,Drill ITS hole(1) on end cap,0.5,,,,MBWV,,0.88,,0.88
B6ILED,led,pendant,itslec,Drill,1,Drill ITS hole(1) on end cap,0.5,,,,MBWVLED,,0.5,,0.5
BMR,fluorescent,recessed,itsfbl,Single Saw,1,Saw cover blank,0.58,,,,PICD,,0.88,,0.88
BMRLED,led,recessed,itslbl,Single Saw,1,Saw cover blank,0.29,,,,PICI,,0.88,,0.88
BMRLEDPAT,led,recessed,itslbl,Single Saw,1,Saw cover blank,0.29,,,,PICR,,0.88,,0.88
BMRPAT,fluorescent,recessed,itsfbl,Single Saw,1,Saw cover blank,0.58,,,,PICWD,,0.88,,0.88
BMRV,fluorescent,recessed,itsfbl,Single Saw,1,Saw cover blank,0.58,,,,PICWI,,0.88,,0.88
BMRVLED,led,recessed,itslbl,Single Saw,1,Saw cover blank,0.29,,,,PICWR,,0.88,,0.88
BR,fluorescent,recessed,itsfbl,Single Saw,1,Saw cover blank,0.58,,,,PMD,,0.88,,0.88
BRLED,led,recessed,itslbl,Single Saw,1,Saw cover blank,0.29,,,,PMI,,0.88,,0.88
BRLEDPAT,led,recessed,itslbl,Single Saw,1,Saw cover blank,0.29,,,,PMR,,0.88,,0.88
BRPAT,fluorescent,recessed,itsfbl,Single Saw,1,Saw cover blank,0.58,,,,PMRLED,,0.5,,0.5
BRV,fluorescent,recessed,itsfbl,Single Saw,1,Saw cover blank,0.58,,,,PMWD,,0.88,,0.88
BRVLED,led,recessed,itslbl,Single Saw,1,Saw cover blank,0.29,,,,PMWI,,0.88,,0.88
FL,fluorescent,pendant,itsfbl,Single Saw,1,Saw cover blank,0.58,,,,PMWR,,0.88,,0.88
FLW,fluorescent,wall,itsfbl,Single Saw,1,Saw cover blank,0.58,,,,PO,,,0.6,0.6
SCR,fluorescent,pendant,itsfbl,Single Saw,1,Saw cover blank,0.58,,,,POLED,,,0.32,0.32
SCRPAT,fluorescent,pendant,itsfbl,Single Saw,1,Saw cover blank,0.58,,,,PR,,0.88,,0.88
SCRV,fluorescent,pendant,itsfbl,Single Saw,1,Saw cover blank,0.58,,,,PRLED,,0.5,,0.5
SKPLED,fluorescent,pendant,itsfbl,Single Saw,1,Saw cover blank,0.58,,,,PRS,,0.88,,0.88
101C,fluorescent,pendant,itsfref,Preparation,1,Drill ITS holes(2) on reflector,0.6,,,,PRSLED,,0.5,,0.5
101CA,fluorescent,pendant,itsfref,Preparation,1,Drill ITS holes(2) on reflector,0.6,,,,PRW,,0.88,,0.88
101CS,fluorescent,surface,itsfref,Preparation,1,Drill ITS holes(2) on reflector,0.6,,,,PRWLED,,0.5,,0.5
101CW,fluorescent,wall,itsfref,Preparation,1,Drill ITS holes(2) on reflector,0.6,,,,PW,,0.88,,0.88
101CWA,fluorescent,wall,itsfref,Preparation,1,Drill ITS holes(2) on reflector,0.6,,,,PWLED,,0.5,,0.5
101F,fluorescent,pendant,itsfref,Preparation,1,Drill ITS holes(2) on reflector,0.6,,,,PWS,,0.88,,0.88
101FA,fluorescent,pendant,itsfref,Preparation,1,Drill ITS holes(2) on reflector,0.6,,,,PWSLED,,0.5,,0.5
101FW,fluorescent,wall,itsfref,Preparation,1,Drill ITS holes(2) on reflector,0.6,,,,PWW,,0.88,,0.88
101FWA,fluorescent,wall,itsfref,Preparation,1,Drill ITS holes(2) on reflector,0.6,,,,PWWLED,,0.5,,0.5
202C,fluorescent,pendant,itsfref,Preparation,1,Drill ITS holes(2) on reflector,0.6,,,,RAY3,,,0.6,0.6
202CA,fluorescent,pendant,itsfref,Preparation,1,Drill ITS holes(2) on reflector,0.6,,,,RAY3P,,,0.6,0.6
202CS,fluorescent,surface,itsfref,Preparation,1,Drill ITS holes(2) on reflector,0.6,,,,RAY3S,,,0.6,0.6
202CW,fluorescent,wall,itsfref,Preparation,1,Drill ITS holes(2) on reflector,0.6,,,,RAY3W,,,0.6,0.6
202CWA,fluorescent,wall,itsfref,Preparation,1,Drill ITS holes(2) on reflector,0.6,,,,RAY4,,,0.6,0.6
202F,fluorescent,pendant,itsfref,Preparation,1,Drill ITS holes(2) on reflector,0.6,,,,RAY4P,,,0.6,0.6
202FA,fluorescent,pendant,itsfref,Preparation,1,Drill ITS holes(2) on reflector,0.6,,,,RAY4S,,,0.6,0.6
202FW,fluorescent,wall,itsfref,Preparation,1,Drill ITS holes(2) on reflector,0.6,,,,RAY4W,,,0.6,0.6
202FWA,fluorescent,wall,itsfref,Preparation,1,Drill ITS holes(2) on reflector,0.6,,,,RAY6,,,0.6,0.6
ARC,fluorescent,pendant,itsfref,Preparation,1,Drill ITS holes(2) on reflector,0.6,,,,RAY6P,,,0.6,0.6
ARCA,fluorescent,pendant,itsfref,Preparation,1,Drill ITS holes(2) on reflector,0.6,,,,RAY6S,,,0.6,0.6
ARCW,fluorescent,wall,itsfref,Preparation,1,Drill ITS holes(2) on reflector,0.6,,,,RAY6W,,,0.6,0.6
ARCWA,fluorescent,wall,itsfref,Preparation,1,Drill ITS holes(2) on reflector,0.6,,,,RAY8,,,0.6,0.6
B6R,fluorescent,recessed,itsfref,Preparation,1,Drill ITS holes(2) on reflector,0.6,,,,RAY8P,,,0.6,0.6
B6RLED,led,recessed,itslref,Preparation,1,Drill ITS hole(1) on reflector,0.32,,,,RAY8S,,,0.6,0.6
B6RLEDPAT,led,recessed,itslref,Preparation,1,Drill ITS hole(1) on reflector,0.32,,,,RAY8W,,,0.6,0.6
B6RPAT,fluorescent,recessed,itsfref,Preparation,1,Drill ITS holes(2) on reflector,0.6,,,,SCAC,,0.5,,0.5
B6RV,fluorescent,recessed,itsfref,Preparation,1,Drill ITS holes(2) on reflector,0.6,,,,SCD,,0.5,,0.5
B6RVLED,led,recessed,itslref,Preparation,1,Drill ITS hole(1) on reflector,0.32,,,,SCDI,,0.5,,0.5
BAS,fluorescent,pendant,itsfref,Preparation,1,Drill ITS holes(2) on reflector,0.6,,,,SCDLAC,,0.5,,0.5
BASA,fluorescent,pendant,itsfref,Preparation,1,Drill ITS holes(2) on reflector,0.6,,,,SCI ,,0.5,,0.5
BASS,fluorescent,surface,itsfref,Preparation,1,Drill ITS holes(2) on reflector,0.6,,,,SCILAC,,0.5,,0.5
BASW,fluorescent,wall,itsfref,Preparation,1,Drill ITS holes(2) on reflector,0.6,,,,SCR,0.58,0.5,,1.08
BASWA,fluorescent,wall,itsfref,Preparation,1,Drill ITS holes(2) on reflector,0.6,,,,SCRAC,,0.64,,0.64
BBR,fluorescent,recessed,itsfref,Preparation,1,Drill ITS holes(2) on reflector,0.6,,,,SCRLAC,,0.64,,0.64
BBRLED,led,recessed,itslref,Preparation,1,Drill ITS hole(1) on reflector,0.32,,,,SCRPAT,0.58,0.5,,1.08
BBRLEDPAT,led,recessed,itslref,Preparation,1,Drill ITS hole(1) on reflector,0.32,,,,SCRV,0.58,0.5,,1.08
BBRPAT,fluorescent,recessed,itsfref,Preparation,1,Drill ITS holes(2) on reflector,0.6,,,,SCS,,0.5,,0.5
BBRV,fluorescent,recessed,itsfref,Preparation,1,Drill ITS holes(2) on reflector,0.6,,,,SCSAC,,0.5,,0.5
BBRVLED,led,recessed,itslref,Preparation,1,Drill ITS hole(1) on reflector,0.32,,,,SCSLAC,,0.5,,0.5
CU,fluorescent,pendant,itsfref,Preparation,1,Drill ITS holes(2) on reflector,0.6,,,,SCWD,,0.5,,0.5
CUA,fluorescent,pendant,itsfref,Preparation,1,Drill ITS holes(2) on reflector,0.6,,,,SCWDI,,0.5,,0.5
CUB,fluorescent,pendant,itsfref,Preparation,1,Drill ITS holes(2) on reflector,0.6,,,,SCWI,,0.5,,0.5
CUBA,fluorescent,pendant,itsfref,Preparation,1,Drill ITS holes(2) on reflector,0.6,,,,SK,,,0.32,0.32
CUBS,fluorescent,surface,itsfref,Preparation,1,Drill ITS holes(2) on reflector,0.6,,,,SKPLED,0.58,0.5,,1.08
CUBW,fluorescent,wall,itsfref,Preparation,1,Drill ITS holes(2) on reflector,0.6,,,,SKSLED,,,0.32,0.32
CUBWA,fluorescent,wall,itsfref,Preparation,1,Drill ITS holes(2) on reflector,0.6,,,,SKVLED,,,0.32,0.32
CUS,fluorescent,surface,itsfref,Preparation,1,Drill ITS holes(2) on reflector,0.6,,,,SL,,,0.6,0.6
CUW,fluorescent,wall,itsfref,Preparation,1,Drill ITS holes(2) on reflector,0.6,,,,SL2HLED,,0.47,,0.47
CUWA,fluorescent,wall,itsfref,Preparation,1,Drill ITS holes(2) on reflector,0.6,,,,SL2LLED,,0.47,,0.47
DAYC,fluorescent,Grid,itsfref,Preparation,1,Drill ITS holes(2) on reflector,0.6,,,,SLLED,,,0.32,0.32
DAYCLED,led,Grid LED,itslref,Preparation,1,Drill ITS hole(1) on reflector,0.32,,,,SLW,,,0.6,0.6
DAYF,fluorescent,Grid,itsfref,Preparation,1,Drill ITS holes(2) on reflector,0.6,,,,SLWLED,,,0.32,0.32
DAYFLED,led,Grid LED,itslref,Preparation,1,Drill ITS hole(1) on reflector,0.32,,,,SOL,,0.83,,0.83
DIA,fluorescent,Grid,itsfref,Preparation,1,Drill ITS holes(2) on reflector,0.6,,,,SOLS,,0.83,,0.83
DIALED,led,Grid LED,itslref,Preparation,1,Drill ITS hole(1) on reflector,0.32,,,,SOLW,,0.83,,0.83
DUO,fluorescent,Grid,itsfref,Preparation,1,Drill ITS holes(2) on reflector,0.6,,,,ST020,2.61,2.61,,5.22
L2,fluorescent,pendant,itsfref,Preparation,1,Drill ITS holes(2) on reflector,0.6,,,,ST021,2.61,2.61,,5.22
L2A,fluorescent,pendant,itsfref,Preparation,1,Drill ITS holes(2) on reflector,0.6,,,,ST022,2.61,2.61,,5.22
L2S,fluorescent,surface,itsfref,Preparation,1,Drill ITS holes(2) on reflector,0.6,,,,ST023,2.61,2.61,,5.22
L2W,fluorescent,wall,itsfref,Preparation,1,Drill ITS holes(2) on reflector,0.6,,,,ST024,2.61,2.61,,5.22
L2WA,fluorescent,wall,itsfref,Preparation,1,Drill ITS holes(2) on reflector,0.6,,,,STC30,2.61,2.61,,5.22
LT,fluorescent,pendant,itsfref,Preparation,1,Drill ITS holes(2) on reflector,0.6,,,,STC31,2.61,2.61,,5.22
LTA,fluorescent,pendant,itsfref,Preparation,1,Drill ITS holes(2) on reflector,0.6,,,,STC32,2.61,2.61,,5.22
LTW,fluorescent,wall,itsfref,Preparation,1,Drill ITS holes(2) on reflector,0.6,,,,STCO,2.61,2.61,,5.22
LTWA,fluorescent,wall,itsfref,Preparation,1,Drill ITS holes(2) on reflector,0.6,,,,STD,2.61,2.61,,5.22
PO,fluorescent,Grid,itsfref,Preparation,1,Drill ITS holes(2) on reflector,0.6,,,,STFC,2.61,2.61,,5.22
POLED,led,Grid,itslref,Preparation,1,Drill ITS hole(1) on reflector,0.32,,,,STFD,2.61,2.61,,5.22
RAY3,fluorescent,recessed,itsfref,Preparation,1,Drill ITS holes(2) on reflector,0.6,,,,STFI,2.61,2.61,,5.22
RAY3P,fluorescent,pendant,itsfref,Preparation,1,Drill ITS holes(2) on reflector,0.6,,,,STI,2.61,2.61,,5.22
RAY3S,fluorescent,surface,itsfref,Preparation,1,Drill ITS holes(2) on reflector,0.6,,,,STIA,2.61,2.61,,5.22
RAY3W,fluorescent,wall,itsfref,Preparation,1,Drill ITS holes(2) on reflector,0.6,,,,STM,2.61,2.61,,5.22
RAY4,fluorescent,recessed,itsfref,Preparation,1,Drill ITS holes(2) on reflector,0.6,,,,STPC50,2.61,2.61,,5.22
RAY4P,fluorescent,pendant,itsfref,Preparation,1,Drill ITS holes(2) on reflector,0.6,,,,STPC52,2.61,2.61,,5.22
RAY4S,fluorescent,surface,itsfref,Preparation,1,Drill ITS holes(2) on reflector,0.6,,,,STPC53,2.61,2.61,,5.22
RAY4W,fluorescent,wall,itsfref,Preparation,1,Drill ITS holes(2) on reflector,0.6,,,,STPO40,2.61,2.61,,5.22
RAY6,fluorescent,recessed,itsfref,Preparation,1,Drill ITS holes(2) on reflector,0.6,,,,STPO41,2.61,2.61,,5.22
RAY6P,fluorescent,pendant,itsfref,Preparation,1,Drill ITS holes(2) on reflector,0.6,,,,STPO42,2.61,2.61,,5.22
RAY6S,fluorescent,surface,itsfref,Preparation,1,Drill ITS holes(2) on reflector,0.6,,,,STPO43,2.61,2.61,,5.22
RAY6W,fluorescent,wall,itsfref,Preparation,1,Drill ITS holes(2) on reflector,0.6,,,,STPO44,2.61,2.61,,5.22
RAY8,fluorescent,recessed,itsfref,Preparation,1,Drill ITS holes(2) on reflector,0.6,,,,STPO50,2.61,2.61,,5.22
RAY8P,fluorescent,pendant,itsfref,Preparation,1,Drill ITS holes(2) on reflector,0.6,,,,STPO51,2.61,2.61,,5.22
RAY8S,fluorescent,surface,itsfref,Preparation,1,Drill ITS holes(2) on reflector,0.6,,,,SU,,0.88,,0.88
RAY8W,fluorescent,wall,itsfref,Preparation,1,Drill ITS holes(2) on reflector,0.6,,,,SUA,,0.88,,0.88
SK,led,recessed,itsfref,Preparation,1,Drill ITS holes(2) on reflector,0.32,,,,SUS,,0.88,,0.88
SKSLED,led,recessed,itslref,Preparation,1,Drill ITS hole(1) on reflector,0.32,,,,SUW,,0.88,,0.88
SKVLED,led,recessed,itslref,Preparation,1,Drill ITS hole(1) on reflector,0.32,,,,SUWA,,0.88,,0.88
SL,fluorescent,pendant,itsfref,Preparation,1,Drill ITS holes(2) on reflector,0.6,,,,TB,,0.88,,0.88
SLLED,led,pendant,itslref,Preparation,1,Drill ITS hole(1) on reflector,0.32,,,,TBDILED,,0.5,,0.5
SLW,fluorescent,wall,itsfref,Preparation,1,Drill ITS holes(2) on reflector,0.6,,,,TBDILEDPAT,,0.5,,0.5
SLWLED,led,wall,itslref,Preparation,1,Drill ITS hole(1) on reflector,0.32,,,,TBDLED,,0.5,,0.5
TEK12,fluorescent,Grid,itsfref,Preparation,1,Drill ITS holes(2) on reflector,0.6,,,,TBDLEDPAT,,0.5,,0.5
TEK12LED,led,Grid LED,itslref,Preparation,1,Drill ITS hole(1) on reflector,0.32,,,,TBDPAT,,0.88,,0.88
TEK6,fluorescent,Grid,itsfref,Preparation,1,Drill ITS holes(2) on reflector,0.6,,,,TBILED,,0.5,,0.5
TEK6LED,led,Grid LED,itslref,Preparation,1,Drill ITS hole(1) on reflector,0.32,,,,TBILEDPAT,,0.5,,0.5
WA,fluorescent,Grid,itsfref,Preparation,1,Drill ITS holes(2) on reflector,0.6,,,,TBIPAT,,0.88,,0.88
WALED,led,Grid,itslref,Preparation,1,Drill ITS hole(1) on reflector,0.32,,,,TBLEDPAT,,0.5,,0.5
WB,fluorescent,pendant,itsfref,Preparation,1,Drill ITS holes(2) on reflector,0.6,,,,TBPAT,,0.88,,0.88
WBDI,fluorescent,pendant,itsfref,Preparation,1,Drill ITS holes(2) on reflector,0.6,,,,TBW,,0.88,,0.88
WBDILED,led,pendant,itslref,Preparation,1,Drill ITS hole(1) on reflector,0.32,,,,TBWDILED,,0.5,,0.5
WBDIW,fluorescent,wall,itsfref,Preparation,1,Drill ITS holes(2) on reflector,0.6,,,,TBWDILEDPAT,,0.5,,0.5
WBLED,led,pendant,itslref,Preparation,1,Drill ITS hole(1) on reflector,0.32,,,,TBWDLED,,0.5,,0.5
WBR,fluorescent,recessed,itsfref,Preparation,1,Drill ITS holes(2) on reflector,0.6,,,,TBWDLEDPAT,,0.5,,0.5
WBRLED,led,recessed,itslref,Preparation,1,Drill ITS hole(1) on reflector,0.32,,,,TBWDPAT,,0.88,,0.88
WBS,fluorescent,surface,itsfref,Preparation,1,Drill ITS holes(2) on reflector,0.6,,,,TBWILED,,0.5,,0.5
WBSLED,led,surface,itslref,Preparation,1,Drill ITS hole(1) on reflector,0.32,,,,TBWILEDPAT,,0.5,,0.5
WBW,fluorescent,wall,itsfref,Preparation,1,Drill ITS holes(2) on reflector,0.6,,,,TBWIPAT,,0.88,,0.88
WBWLED,led,wall,itslref,Preparation,1,Drill ITS hole(1) on reflector,0.32,,,,TBWPAT,,0.88,,0.88
WBDIWLED,led,pendant,itslref,Preparation,1,Drill ITS hole(1) on reflector,0.32,,,,TEK12,,,0.6,0.6
STC30,led,pendant,ITSLBL,Single Saw,1,saw cover blank,0.29,,,,TEK12LED,,,0.32,0.32
STC30,led,pendant,ITSLBL,Single Saw,1,saw cover blank,0.29,,,,TEK6,,,0.6,0.6
STC30,led,pendant,ITSLBL,Single Saw,1,saw cover blank,0.29,,,,TEK6LED,,,0.32,0.32
STC30,led,pendant,ITSLBL,Single Saw,1,saw cover blank,0.29,,,,TWC,,0.88,,0.88
STC30,led,pendant,ITSLBL,Single Saw,1,saw cover blank,0.29,,,,TWCW,,0.88,,0.88
STC30,led,pendant,ITSLBL,Single Saw,1,saw cover blank,0.29,,,,TWO,,0.88,,0.88
STC30,led,pendant,ITSLBL,Single Saw,1,saw cover blank,0.29,,,,TWOW,,0.88,,0.88
STC30,led,pendant,ITSLBL,Single Saw,1,saw cover blank,0.29,,,,TWR,,0.88,,0.88
STC30,led,pendant,ITSLBL,Single Saw,1,saw cover blank,0.29,,,,TWRLED,,0.5,,0.5
STC31,led,pendant,ITSLBL,Single Saw,1,saw cover blank,0.29,,,,TWRW,,0.88,,0.88
STC31,led,pendant,ITSLBL,Single Saw,1,saw cover blank,0.29,,,,TWRWLED,,0.5,,0.5
STC31,led,pendant,ITSLBL,Single Saw,1,saw cover blank,0.29,,,,WA,,,0.6,0.6
STC31,led,pendant,ITSLBL,Single Saw,1,saw cover blank,0.29,,,,WALED,,,0.32,0.32
STC31,led,pendant,ITSLBL,Single Saw,1,saw cover blank,0.29,,,,WB,,,0.6,0.6
STC31,led,pendant,ITSLBL,Single Saw,1,saw cover blank,0.29,,,,WBDI,,,0.6,0.6
STC31,led,pendant,ITSLBL,Single Saw,1,saw cover blank,0.29,,,,WBDILED,,,0.32,0.32
STC31,led,pendant,ITSLBL,Single Saw,1,saw cover blank,0.29,,,,WBDIW,,,0.6,0.6
STC31,led,pendant,ITSLBL,Single Saw,1,saw cover blank,0.29,,,,WBDIWLED,,,0.32,0.32
STC32,led,pendant,ITSLBL,Single Saw,1,saw cover blank,0.29,,,,WBLED,,,0.32,0.32
STC32,led,pendant,ITSLBL,Single Saw,1,saw cover blank,0.29,,,,WBR,,,0.6,0.6
STC32,led,pendant,ITSLBL,Single Saw,1,saw cover blank,0.29,,,,WBRLED,,,0.32,0.32
STC32,led,pendant,ITSLBL,Single Saw,1,saw cover blank,0.29,,,,WBS,,,0.6,0.6
STC32,led,pendant,ITSLBL,Single Saw,1,saw cover blank,0.29,,,,WBSLED,,,0.32,0.32
STC32,led,pendant,ITSLBL,Single Saw,1,saw cover blank,0.29,,,,WBW,,,0.6,0.6
STC32,led,pendant,ITSLBL,Single Saw,1,saw cover blank,0.29,,,,WBWLED,,,0.32,0.32
STC32,led,pendant,ITSLBL,Single Saw,1,saw cover blank,0.29,,,,zeled,,0.5,,0.5
STC32,led,pendant,ITSLBL,Single Saw,1,saw cover blank,0.29,,,,Grand Total,76.56,224.71,61.12,362.39
STCO,led,pendant,ITSLBL,Single Saw,1,saw cover blank,0.29,,,,,,,,
STCO,led,pendant,ITSLBL,Single Saw,1,saw cover blank,0.29,,,,,,,,
STCO,led,pendant,ITSLBL,Single Saw,1,saw cover blank,0.29,,,,,,,,
STCO,led,pendant,ITSLBL,Single Saw,1,saw cover blank,0.29,,,,,,,,
STCO,led,pendant,ITSLBL,Single Saw,1,saw cover blank,0.29,,,,,,,,
STCO,led,pendant,ITSLBL,Single Saw,1,saw cover blank,0.29,,,,,,,,
STCO,led,pendant,ITSLBL,Single Saw,1,saw cover blank,0.29,,,,,,,,
STCO,led,pendant,ITSLBL,Single Saw,1,saw cover blank,0.29,,,,,,,,
STCO,led,pendant,ITSLBL,Single Saw,1,saw cover blank,0.29,,,,,,,,
STD,led,pendant,ITSLBL,Single Saw,1,saw cover blank,0.29,,,,,,,,
STD,led,pendant,ITSLBL,Single Saw,1,saw cover blank,0.29,,,,,,,,
STD,led,pendant,ITSLBL,Single Saw,1,saw cover blank,0.29,,,,,,,,
STD,led,pendant,ITSLBL,Single Saw,1,saw cover blank,0.29,,,,,,,,
STD,led,pendant,ITSLBL,Single Saw,1,saw cover blank,0.29,,,,,,,,
STD,led,pendant,ITSLBL,Single Saw,1,saw cover blank,0.29,,,,,,,,
STD,led,pendant,ITSLBL,Single Saw,1,saw cover blank,0.29,,,,,,,,
STD,led,pendant,ITSLBL,Single Saw,1,saw cover blank,0.29,,,,,,,,
STD,led,pendant,ITSLBL,Single Saw,1,saw cover blank,0.29,,,,,,,,
STFC,led,pendant,ITSLBL,Single Saw,1,saw cover blank,0.29,,,,,,,,
STFC,led,pendant,ITSLBL,Single Saw,1,saw cover blank,0.29,,,,,,,,
STFC,led,pendant,ITSLBL,Single Saw,1,saw cover blank,0.29,,,,,,,,
STFC,led,pendant,ITSLBL,Single Saw,1,saw cover blank,0.29,,,,,,,,
STFC,led,pendant,ITSLBL,Single Saw,1,saw cover blank,0.29,,,,,,,,
STFC,led,pendant,ITSLBL,Single Saw,1,saw cover blank,0.29,,,,,,,,
STFC,led,pendant,ITSLBL,Single Saw,1,saw cover blank,0.29,,,,,,,,
STFC,led,pendant,ITSLBL,Single Saw,1,saw cover blank,0.29,,,,,,,,
STFC,led,pendant,ITSLBL,Single Saw,1,saw cover blank,0.29,,,,,,,,
STFD,led,pendant,ITSLBL,Single Saw,1,saw cover blank,0.29,,,,,,,,
STFD,led,pendant,ITSLBL,Single Saw,1,saw cover blank,0.29,,,,,,,,
STFD,led,pendant,ITSLBL,Single Saw,1,saw cover blank,0.29,,,,,,,,
STFD,led,pendant,ITSLBL,Single Saw,1,saw cover blank,0.29,,,,,,,,
STFD,led,pendant,ITSLBL,Single Saw,1,saw cover blank,0.29,,,,,,,,
STFD,led,pendant,ITSLBL,Single Saw,1,saw cover blank,0.29,,,,,,,,
STFD,led,pendant,ITSLBL,Single Saw,1,saw cover blank,0.29,,,,,,,,
STFD,led,pendant,ITSLBL,Single Saw,1,saw cover blank,0.29,,,,,,,,
STFD,led,pendant,ITSLBL,Single Saw,1,saw cover blank,0.29,,,,,,,,
STFI,led,pendant,ITSLBL,Single Saw,1,saw cover blank,0.29,,,,,,,,
STFI,led,pendant,ITSLBL,Single Saw,1,saw cover blank,0.29,,,,,,,,
STFI,led,pendant,ITSLBL,Single Saw,1,saw cover blank,0.29,,,,,,,,
STFI,led,pendant,ITSLBL,Single Saw,1,saw cover blank,0.29,,,,,,,,
STFI,led,pendant,ITSLBL,Single Saw,1,saw cover blank,0.29,,,,,,,,
STFI,led,pendant,ITSLBL,Single Saw,1,saw cover blank,0.29,,,,,,,,
STFI,led,pendant,ITSLBL,Single Saw,1,saw cover blank,0.29,,,,,,,,
STFI,led,pendant,ITSLBL,Single Saw,1,saw cover blank,0.29,,,,,,,,
STFI,led,pendant,ITSLBL,Single Saw,1,saw cover blank,0.29,,,,,,,,
STI,led,pendant,ITSLBL,Single Saw,1,saw cover blank,0.29,,,,,,,,
STI,led,pendant,ITSLBL,Single Saw,1,saw cover blank,0.29,,,,,,,,
STI,led,pendant,ITSLBL,Single Saw,1,saw cover blank,0.29,,,,,,,,
STI,led,pendant,ITSLBL,Single Saw,1,saw cover blank,0.29,,,,,,,,
STI,led,pendant,ITSLBL,Single Saw,1,saw cover blank,0.29,,,,,,,,
STI,led,pendant,ITSLBL,Single Saw,1,saw cover blank,0.29,,,,,,,,
STI,led,pendant,ITSLBL,Single Saw,1,saw cover blank,0.29,,,,,,,,
STI,led,pendant,ITSLBL,Single Saw,1,saw cover blank,0.29,,,,,,,,
STI,led,pendant,ITSLBL,Single Saw,1,saw cover blank,0.29,,,,,,,,
STIA,led,pendant,ITSLBL,Single Saw,1,saw cover blank,0.29,,,,,,,,
STIA,led,pendant,ITSLBL,Single Saw,1,saw cover blank,0.29,,,,,,,,
STIA,led,pendant,ITSLBL,Single Saw,1,saw cover blank,0.29,,,,,,,,
STIA,led,pendant,ITSLBL,Single Saw,1,saw cover blank,0.29,,,,,,,,
STIA,led,pendant,ITSLBL,Single Saw,1,saw cover blank,0.29,,,,,,,,
STIA,led,pendant,ITSLBL,Single Saw,1,saw cover blank,0.29,,,,,,,,
STIA,led,pendant,ITSLBL,Single Saw,1,saw cover blank,0.29,,,,,,,,
STIA,led,pendant,ITSLBL,Single Saw,1,saw cover blank,0.29,,,,,,,,
STIA,led,pendant,ITSLBL,Single Saw,1,saw cover blank,0.29,,,,,,,,
STM,led,pendant,ITSLBL,Single Saw,1,saw cover blank,0.29,,,,,,,,
STM,led,pendant,ITSLBL,Single Saw,1,saw cover blank,0.29,,,,,,,,
STM,led,pendant,ITSLBL,Single Saw,1,saw cover blank,0.29,,,,,,,,
STM,led,pendant,ITSLBL,Single Saw,1,saw cover blank,0.29,,,,,,,,
STM,led,pendant,ITSLBL,Single Saw,1,saw cover blank,0.29,,,,,,,,
STM,led,pendant,ITSLBL,Single Saw,1,saw cover blank,0.29,,,,,,,,
STM,led,pendant,ITSLBL,Single Saw,1,saw cover blank,0.29,,,,,,,,
STM,led,pendant,ITSLBL,Single Saw,1,saw cover blank,0.29,,,,,,,,
STM,led,pendant,ITSLBL,Single Saw,1,saw cover blank,0.29,,,,,,,,
ST020,led,pendant,ITSLBL,Single Saw,1,saw cover blank,0.29,,,,,,,,
ST020,led,pendant,ITSLBL,Single Saw,1,saw cover blank,0.29,,,,,,,,
ST020,led,pendant,ITSLBL,Single Saw,1,saw cover blank,0.29,,,,,,,,
ST020,led,pendant,ITSLBL,Single Saw,1,saw cover blank,0.29,,,,,,,,
ST020,led,pendant,ITSLBL,Single Saw,1,saw cover blank,0.29,,,,,,,,
ST020,led,pendant,ITSLBL,Single Saw,1,saw cover blank,0.29,,,,,,,,
ST020,led,pendant,ITSLBL,Single Saw,1,saw cover blank,0.29,,,,,,,,
ST020,led,pendant,ITSLBL,Single Saw,1,saw cover blank,0.29,,,,,,,,
ST020,led,pendant,ITSLBL,Single Saw,1,saw cover blank,0.29,,,,,,,,
ST021,led,pendant,ITSLBL,Single Saw,1,saw cover blank,0.29,,,,,,,,
ST021,led,pendant,ITSLBL,Single Saw,1,saw cover blank,0.29,,,,,,,,
ST021,led,pendant,ITSLBL,Single Saw,1,saw cover blank,0.29,,,,,,,,
ST021,led,pendant,ITSLBL,Single Saw,1,saw cover blank,0.29,,,,,,,,
ST021,led,pendant,ITSLBL,Single Saw,1,saw cover blank,0.29,,,,,,,,
ST021,led,pendant,ITSLBL,Single Saw,1,saw cover blank,0.29,,,,,,,,
ST021,led,pendant,ITSLBL,Single Saw,1,saw cover blank,0.29,,,,,,,,
ST021,led,pendant,ITSLBL,Single Saw,1,saw cover blank,0.29,,,,,,,,
ST021,led,pendant,ITSLBL,Single Saw,1,saw cover blank,0.29,,,,,,,,
ST022,led,pendant,ITSLBL,Single Saw,1,saw cover blank,0.29,,,,,,,,
ST022,led,pendant,ITSLBL,Single Saw,1,saw cover blank,0.29,,,,,,,,
ST022,led,pendant,ITSLBL,Single Saw,1,saw cover blank,0.29,,,,,,,,
ST022,led,pendant,ITSLBL,Single Saw,1,saw cover blank,0.29,,,,,,,,
ST022,led,pendant,ITSLBL,Single Saw,1,saw cover blank,0.29,,,,,,,,
ST022,led,pendant,ITSLBL,Single Saw,1,saw cover blank,0.29,,,,,,,,
ST022,led,pendant,ITSLBL,Single Saw,1,saw cover blank,0.29,,,,,,,,
ST022,led,pendant,ITSLBL,Single Saw,1,saw cover blank,0.29,,,,,,,,
ST022,led,pendant,ITSLBL,Single Saw,1,saw cover blank,0.29,,,,,,,,
ST023,led,pendant,ITSLBL,Single Saw,1,saw cover blank,0.29,,,,,,,,
ST023,led,pendant,ITSLBL,Single Saw,1,saw cover blank,0.29,,,,,,,,
ST023,led,pendant,ITSLBL,Single Saw,1,saw cover blank,0.29,,,,,,,,
ST023,led,pendant,ITSLBL,Single Saw,1,saw cover blank,0.29,,,,,,,,
ST023,led,pendant,ITSLBL,Single Saw,1,saw cover blank,0.29,,,,,,,,
ST023,led,pendant,ITSLBL,Single Saw,1,saw cover blank,0.29,,,,,,,,
ST023,led,pendant,ITSLBL,Single Saw,1,saw cover blank,0.29,,,,,,,,
ST023,led,pendant,ITSLBL,Single Saw,1,saw cover blank,0.29,,,,,,,,
ST023,led,pendant,ITSLBL,Single Saw,1,saw cover blank,0.29,,,,,,,,
ST024,led,pendant,ITSLBL,Single Saw,1,saw cover blank,0.29,,,,,,,,
ST024,led,pendant,ITSLBL,Single Saw,1,saw cover blank,0.29,,,,,,,,
ST024,led,pendant,ITSLBL,Single Saw,1,saw cover blank,0.29,,,,,,,,
ST024,led,pendant,ITSLBL,Single Saw,1,saw cover blank,0.29,,,,,,,,
ST024,led,pendant,ITSLBL,Single Saw,1,saw cover blank,0.29,,,,,,,,
ST024,led,pendant,ITSLBL,Single Saw,1,saw cover blank,0.29,,,,,,,,
ST024,led,pendant,ITSLBL,Single Saw,1,saw cover blank,0.29,,,,,,,,
ST024,led,pendant,ITSLBL,Single Saw,1,saw cover blank,0.29,,,,,,,,
ST024,led,pendant,ITSLBL,Single Saw,1,saw cover blank,0.29,,,,,,,,
STPC50,led,pendant,ITSLBL,Single Saw,1,saw cover blank,0.29,,,,,,,,
STPC50,led,pendant,ITSLBL,Single Saw,1,saw cover blank,0.29,,,,,,,,
STPC50,led,pendant,ITSLBL,Single Saw,1,saw cover blank,0.29,,,,,,,,
STPC50,led,pendant,ITSLBL,Single Saw,1,saw cover blank,0.29,,,,,,,,
STPC50,led,pendant,ITSLBL,Single Saw,1,saw cover blank,0.29,,,,,,,,
STPC50,led,pendant,ITSLBL,Single Saw,1,saw cover blank,0.29,,,,,,,,
STPC50,led,pendant,ITSLBL,Single Saw,1,saw cover blank,0.29,,,,,,,,
STPC50,led,pendant,ITSLBL,Single Saw,1,saw cover blank,0.29,,,,,,,,
STPC50,led,pendant,ITSLBL,Single Saw,1,saw cover blank,0.29,,,,,,,,
STPC52,led,pendant,ITSLBL,Single Saw,1,saw cover blank,0.29,,,,,,,,
STPC52,led,pendant,ITSLBL,Single Saw,1,saw cover blank,0.29,,,,,,,,
STPC52,led,pendant,ITSLBL,Single Saw,1,saw cover blank,0.29,,,,,,,,
STPC52,led,pendant,ITSLBL,Single Saw,1,saw cover blank,0.29,,,,,,,,
STPC52,led,pendant,ITSLBL,Single Saw,1,saw cover blank,0.29,,,,,,,,
STPC52,led,pendant,ITSLBL,Single Saw,1,saw cover blank,0.29,,,,,,,,
STPC52,led,pendant,ITSLBL,Single Saw,1,saw cover blank,0.29,,,,,,,,
STPC52,led,pendant,ITSLBL,Single Saw,1,saw cover blank,0.29,,,,,,,,
STPC52,led,pendant,ITSLBL,Single Saw,1,saw cover blank,0.29,,,,,,,,
STPC53,led,pendant,ITSLBL,Single Saw,1,saw cover blank,0.29,,,,,,,,
STPC53,led,pendant,ITSLBL,Single Saw,1,saw cover blank,0.29,,,,,,,,
STPC53,led,pendant,ITSLBL,Single Saw,1,saw cover blank,0.29,,,,,,,,
STPC53,led,pendant,ITSLBL,Single Saw,1,saw cover blank,0.29,,,,,,,,
STPC53,led,pendant,ITSLBL,Single Saw,1,saw cover blank,0.29,,,,,,,,
STPC53,led,pendant,ITSLBL,Single Saw,1,saw cover blank,0.29,,,,,,,,
STPC53,led,pendant,ITSLBL,Single Saw,1,saw cover blank,0.29,,,,,,,,
STPC53,led,pendant,ITSLBL,Single Saw,1,saw cover blank,0.29,,,,,,,,
STPC53,led,pendant,ITSLBL,Single Saw,1,saw cover blank,0.29,,,,,,,,
STPO40,led,pendant,ITSLBL,Single Saw,1,saw cover blank,0.29,,,,,,,,
STPO40,led,pendant,ITSLBL,Single Saw,1,saw cover blank,0.29,,,,,,,,
STPO40,led,pendant,ITSLBL,Single Saw,1,saw cover blank,0.29,,,,,,,,
STPO40,led,pendant,ITSLBL,Single Saw,1,saw cover blank,0.29,,,,,,,,
STPO40,led,pendant,ITSLBL,Single Saw,1,saw cover blank,0.29,,,,,,,,
STPO40,led,pendant,ITSLBL,Single Saw,1,saw cover blank,0.29,,,,,,,,
STPO40,led,pendant,ITSLBL,Single Saw,1,saw cover blank,0.29,,,,,,,,
STPO40,led,pendant,ITSLBL,Single Saw,1,saw cover blank,0.29,,,,,,,,
STPO40,led,pendant,ITSLBL,Single Saw,1,saw cover blank,0.29,,,,,,,,
STPO41,led,pendant,ITSLBL,Single Saw,1,saw cover blank,0.29,,,,,,,,
STPO41,led,pendant,ITSLBL,Single Saw,1,saw cover blank,0.29,,,,,,,,
STPO41,led,pendant,ITSLBL,Single Saw,1,saw cover blank,0.29,,,,,,,,
STPO41,led,pendant,ITSLBL,Single Saw,1,saw cover blank,0.29,,,,,,,,
STPO41,led,pendant,ITSLBL,Single Saw,1,saw cover blank,0.29,,,,,,,,
STPO41,led,pendant,ITSLBL,Single Saw,1,saw cover blank,0.29,,,,,,,,
STPO41,led,pendant,ITSLBL,Single Saw,1,saw cover blank,0.29,,,,,,,,
STPO41,led,pendant,ITSLBL,Single Saw,1,saw cover blank,0.29,,,,,,,,
STPO41,led,pendant,ITSLBL,Single Saw,1,saw cover blank,0.29,,,,,,,,
STPO42,led,pendant,ITSLBL,Single Saw,1,saw cover blank,0.29,,,,,,,,
STPO42,led,pendant,ITSLBL,Single Saw,1,saw cover blank,0.29,,,,,,,,
STPO42,led,pendant,ITSLBL,Single Saw,1,saw cover blank,0.29,,,,,,,,
STPO42,led,pendant,ITSLBL,Single Saw,1,saw cover blank,0.29,,,,,,,,
STPO42,led,pendant,ITSLBL,Single Saw,1,saw cover blank,0.29,,,,,,,,
STPO42,led,pendant,ITSLBL,Single Saw,1,saw cover blank,0.29,,,,,,,,
STPO42,led,pendant,ITSLBL,Single Saw,1,saw cover blank,0.29,,,,,,,,
STPO42,led,pendant,ITSLBL,Single Saw,1,saw cover blank,0.29,,,,,,,,
STPO42,led,pendant,ITSLBL,Single Saw,1,saw cover blank,0.29,,,,,,,,
STPO43,led,pendant,ITSLBL,Single Saw,1,saw cover blank,0.29,,,,,,,,
STPO43,led,pendant,ITSLBL,Single Saw,1,saw cover blank,0.29,,,,,,,,
STPO43,led,pendant,ITSLBL,Single Saw,1,saw cover blank,0.29,,,,,,,,
STPO43,led,pendant,ITSLBL,Single Saw,1,saw cover blank,0.29,,,,,,,,
STPO43,led,pendant,ITSLBL,Single Saw,1,saw cover blank,0.29,,,,,,,,
STPO43,led,pendant,ITSLBL,Single Saw,1,saw cover blank,0.29,,,,,,,,
STPO43,led,pendant,ITSLBL,Single Saw,1,saw cover blank,0.29,,,,,,,,
STPO43,led,pendant,ITSLBL,Single Saw,1,saw cover blank,0.29,,,,,,,,
STPO43,led,pendant,ITSLBL,Single Saw,1,saw cover blank,0.29,,,,,,,,
STPO44,led,pendant,ITSLBL,Single Saw,1,saw cover blank,0.29,,,,,,,,
STPO44,led,pendant,ITSLBL,Single Saw,1,saw cover blank,0.29,,,,,,,,
STPO44,led,pendant,ITSLBL,Single Saw,1,saw cover blank,0.29,,,,,,,,
STPO44,led,pendant,ITSLBL,Single Saw,1,saw cover blank,0.29,,,,,,,,
STPO44,led,pendant,ITSLBL,Single Saw,1,saw cover blank,0.29,,,,,,,,
STPO44,led,pendant,ITSLBL,Single Saw,1,saw cover blank,0.29,,,,,,,,
STPO44,led,pendant,ITSLBL,Single Saw,1,saw cover blank,0.29,,,,,,,,
STPO44,led,pendant,ITSLBL,Single Saw,1,saw cover blank,0.29,,,,,,,,
STPO44,led,pendant,ITSLBL,Single Saw,1,saw cover blank,0.29,,,,,,,,
STPO50,led,pendant,ITSLBL,Single Saw,1,saw cover blank,0.29,,,,,,,,
STPO50,led,pendant,ITSLBL,Single Saw,1,saw cover blank,0.29,,,,,,,,
STPO50,led,pendant,ITSLBL,Single Saw,1,saw cover blank,0.29,,,,,,,,
STPO50,led,pendant,ITSLBL,Single Saw,1,saw cover blank,0.29,,,,,,,,
STPO50,led,pendant,ITSLBL,Single Saw,1,saw cover blank,0.29,,,,,,,,
STPO50,led,pendant,ITSLBL,Single Saw,1,saw cover blank,0.29,,,,,,,,
STPO50,led,pendant,ITSLBL,Single Saw,1,saw cover blank,0.29,,,,,,,,
STPO50,led,pendant,ITSLBL,Single Saw,1,saw cover blank,0.29,,,,,,,,
STPO50,led,pendant,ITSLBL,Single Saw,1,saw cover blank,0.29,,,,,,,,
STPO51,led,pendant,ITSLBL,Single Saw,1,saw cover blank,0.29,,,,,,,,
STPO51,led,pendant,ITSLBL,Single Saw,1,saw cover blank,0.29,,,,,,,,
STPO51,led,pendant,ITSLBL,Single Saw,1,saw cover blank,0.29,,,,,,,,
STPO51,led,pendant,ITSLBL,Single Saw,1,saw cover blank,0.29,,,,,,,,
STPO51,led,pendant,ITSLBL,Single Saw,1,saw cover blank,0.29,,,,,,,,
STPO51,led,pendant,ITSLBL,Single Saw,1,saw cover blank,0.29,,,,,,,,
STPO51,led,pendant,ITSLBL,Single Saw,1,saw cover blank,0.29,,,,,,,,
STPO51,led,pendant,ITSLBL,Single Saw,1,saw cover blank,0.29,,,,,,,,
STPO51,led,pendant,ITSLBL,Single Saw,1,saw cover blank,0.29,,,,,,,,
STC30,led,pendant,ITSLBL,Drill,1,drill ITS hole(1) in cover blank,0.29,,,,,,,,
STC30,led,pendant,ITSLBL,Drill,1,drill ITS hole(1) in cover blank,0.29,,,,,,,,
STC30,led,pendant,ITSLBL,Drill,1,drill ITS hole(1) in cover blank,0.29,,,,,,,,
STC30,led,pendant,ITSLBL,Drill,1,drill ITS hole(1) in cover blank,0.29,,,,,,,,
STC30,led,pendant,ITSLBL,Drill,1,drill ITS hole(1) in cover blank,0.29,,,,,,,,
STC30,led,pendant,ITSLBL,Drill,1,drill ITS hole(1) in cover blank,0.29,,,,,,,,
STC30,led,pendant,ITSLBL,Drill,1,drill ITS hole(1) in cover blank,0.29,,,,,,,,
STC30,led,pendant,ITSLBL,Drill,1,drill ITS hole(1) in cover blank,0.29,,,,,,,,
STC30,led,pendant,ITSLBL,Drill,1,drill ITS hole(1) in cover blank,0.29,,,,,,,,
STC31,led,pendant,ITSLBL,Drill,1,drill ITS hole(1) in cover blank,0.29,,,,,,,,
STC31,led,pendant,ITSLBL,Drill,1,drill ITS hole(1) in cover blank,0.29,,,,,,,,
STC31,led,pendant,ITSLBL,Drill,1,drill ITS hole(1) in cover blank,0.29,,,,,,,,
STC31,led,pendant,ITSLBL,Drill,1,drill ITS hole(1) in cover blank,0.29,,,,,,,,
STC31,led,pendant,ITSLBL,Drill,1,drill ITS hole(1) in cover blank,0.29,,,,,,,,
STC31,led,pendant,ITSLBL,Drill,1,drill ITS hole(1) in cover blank,0.29,,,,,,,,
STC31,led,pendant,ITSLBL,Drill,1,drill ITS hole(1) in cover blank,0.29,,,,,,,,
STC31,led,pendant,ITSLBL,Drill,1,drill ITS hole(1) in cover blank,0.29,,,,,,,,
STC31,led,pendant,ITSLBL,Drill,1,drill ITS hole(1) in cover blank,0.29,,,,,,,,
STC32,led,pendant,ITSLBL,Drill,1,drill ITS hole(1) in cover blank,0.29,,,,,,,,
STC32,led,pendant,ITSLBL,Drill,1,drill ITS hole(1) in cover blank,0.29,,,,,,,,
STC32,led,pendant,ITSLBL,Drill,1,drill ITS hole(1) in cover blank,0.29,,,,,,,,
STC32,led,pendant,ITSLBL,Drill,1,drill ITS hole(1) in cover blank,0.29,,,,,,,,
STC32,led,pendant,ITSLBL,Drill,1,drill ITS hole(1) in cover blank,0.29,,,,,,,,
STC32,led,pendant,ITSLBL,Drill,1,drill ITS hole(1) in cover blank,0.29,,,,,,,,
STC32,led,pendant,ITSLBL,Drill,1,drill ITS hole(1) in cover blank,0.29,,,,,,,,
STC32,led,pendant,ITSLBL,Drill,1,drill ITS hole(1) in cover blank,0.29,,,,,,,,
STC32,led,pendant,ITSLBL,Drill,1,drill ITS hole(1) in cover blank,0.29,,,,,,,,
STCO,led,pendant,ITSLBL,Drill,1,drill ITS hole(1) in cover blank,0.29,,,,,,,,
STCO,led,pendant,ITSLBL,Drill,1,drill ITS hole(1) in cover blank,0.29,,,,,,,,
STCO,led,pendant,ITSLBL,Drill,1,drill ITS hole(1) in cover blank,0.29,,,,,,,,
STCO,led,pendant,ITSLBL,Drill,1,drill ITS hole(1) in cover blank,0.29,,,,,,,,
STCO,led,pendant,ITSLBL,Drill,1,drill ITS hole(1) in cover blank,0.29,,,,,,,,
STCO,led,pendant,ITSLBL,Drill,1,drill ITS hole(1) in cover blank,0.29,,,,,,,,
STCO,led,pendant,ITSLBL,Drill,1,drill ITS hole(1) in cover blank,0.29,,,,,,,,
STCO,led,pendant,ITSLBL,Drill,1,drill ITS hole(1) in cover blank,0.29,,,,,,,,
STCO,led,pendant,ITSLBL,Drill,1,drill ITS hole(1) in cover blank,0.29,,,,,,,,
STD,led,pendant,ITSLBL,Drill,1,drill ITS hole(1) in cover blank,0.29,,,,,,,,
STD,led,pendant,ITSLBL,Drill,1,drill ITS hole(1) in cover blank,0.29,,,,,,,,
STD,led,pendant,ITSLBL,Drill,1,drill ITS hole(1) in cover blank,0.29,,,,,,,,
STD,led,pendant,ITSLBL,Drill,1,drill ITS hole(1) in cover blank,0.29,,,,,,,,
STD,led,pendant,ITSLBL,Drill,1,drill ITS hole(1) in cover blank,0.29,,,,,,,,
STD,led,pendant,ITSLBL,Drill,1,drill ITS hole(1) in cover blank,0.29,,,,,,,,
STD,led,pendant,ITSLBL,Drill,1,drill ITS hole(1) in cover blank,0.29,,,,,,,,
STD,led,pendant,ITSLBL,Drill,1,drill ITS hole(1) in cover blank,0.29,,,,,,,,
STD,led,pendant,ITSLBL,Drill,1,drill ITS hole(1) in cover blank,0.29,,,,,,,,
STFC,led,pendant,ITSLBL,Drill,1,drill ITS hole(1) in cover blank,0.29,,,,,,,,
STFC,led,pendant,ITSLBL,Drill,1,drill ITS hole(1) in cover blank,0.29,,,,,,,,
STFC,led,pendant,ITSLBL,Drill,1,drill ITS hole(1) in cover blank,0.29,,,,,,,,
STFC,led,pendant,ITSLBL,Drill,1,drill ITS hole(1) in cover blank,0.29,,,,,,,,
STFC,led,pendant,ITSLBL,Drill,1,drill ITS hole(1) in cover blank,0.29,,,,,,,,
STFC,led,pendant,ITSLBL,Drill,1,drill ITS hole(1) in cover blank,0.29,,,,,,,,
STFC,led,pendant,ITSLBL,Drill,1,drill ITS hole(1) in cover blank,0.29,,,,,,,,
STFC,led,pendant,ITSLBL,Drill,1,drill ITS hole(1) in cover blank,0.29,,,,,,,,
STFC,led,pendant,ITSLBL,Drill,1,drill ITS hole(1) in cover blank,0.29,,,,,,,,
STFD,led,pendant,ITSLBL,Drill,1,drill ITS hole(1) in cover blank,0.29,,,,,,,,
STFD,led,pendant,ITSLBL,Drill,1,drill ITS hole(1) in cover blank,0.29,,,,,,,,
STFD,led,pendant,ITSLBL,Drill,1,drill ITS hole(1) in cover blank,0.29,,,,,,,,
STFD,led,pendant,ITSLBL,Drill,1,drill ITS hole(1) in cover blank,0.29,,,,,,,,
STFD,led,pendant,ITSLBL,Drill,1,drill ITS hole(1) in cover blank,0.29,,,,,,,,
STFD,led,pendant,ITSLBL,Drill,1,drill ITS hole(1) in cover blank,0.29,,,,,,,,
STFD,led,pendant,ITSLBL,Drill,1,drill ITS hole(1) in cover blank,0.29,,,,,,,,
STFD,led,pendant,ITSLBL,Drill,1,drill ITS hole(1) in cover blank,0.29,,,,,,,,
STFD,led,pendant,ITSLBL,Drill,1,drill ITS hole(1) in cover blank,0.29,,,,,,,,
STFI,led,pendant,ITSLBL,Drill,1,drill ITS hole(1) in cover blank,0.29,,,,,,,,
STFI,led,pendant,ITSLBL,Drill,1,drill ITS hole(1) in cover blank,0.29,,,,,,,,
STFI,led,pendant,ITSLBL,Drill,1,drill ITS hole(1) in cover blank,0.29,,,,,,,,
STFI,led,pendant,ITSLBL,Drill,1,drill ITS hole(1) in cover blank,0.29,,,,,,,,
STFI,led,pendant,ITSLBL,Drill,1,drill ITS hole(1) in cover blank,0.29,,,,,,,,
STFI,led,pendant,ITSLBL,Drill,1,drill ITS hole(1) in cover blank,0.29,,,,,,,,
STFI,led,pendant,ITSLBL,Drill,1,drill ITS hole(1) in cover blank,0.29,,,,,,,,
STFI,led,pendant,ITSLBL,Drill,1,drill ITS hole(1) in cover blank,0.29,,,,,,,,
STFI,led,pendant,ITSLBL,Drill,1,drill ITS hole(1) in cover blank,0.29,,,,,,,,
STI,led,pendant,ITSLBL,Drill,1,drill ITS hole(1) in cover blank,0.29,,,,,,,,
STI,led,pendant,ITSLBL,Drill,1,drill ITS hole(1) in cover blank,0.29,,,,,,,,
STI,led,pendant,ITSLBL,Drill,1,drill ITS hole(1) in cover blank,0.29,,,,,,,,
STI,led,pendant,ITSLBL,Drill,1,drill ITS hole(1) in cover blank,0.29,,,,,,,,
STI,led,pendant,ITSLBL,Drill,1,drill ITS hole(1) in cover blank,0.29,,,,,,,,
STI,led,pendant,ITSLBL,Drill,1,drill ITS hole(1) in cover blank,0.29,,,,,,,,
STI,led,pendant,ITSLBL,Drill,1,drill ITS hole(1) in cover blank,0.29,,,,,,,,
STI,led,pendant,ITSLBL,Drill,1,drill ITS hole(1) in cover blank,0.29,,,,,,,,
STI,led,pendant,ITSLBL,Drill,1,drill ITS hole(1) in cover blank,0.29,,,,,,,,
STIA,led,pendant,ITSLBL,Drill,1,drill ITS hole(1) in cover blank,0.29,,,,,,,,
STIA,led,pendant,ITSLBL,Drill,1,drill ITS hole(1) in cover blank,0.29,,,,,,,,
STIA,led,pendant,ITSLBL,Drill,1,drill ITS hole(1) in cover blank,0.29,,,,,,,,
STIA,led,pendant,ITSLBL,Drill,1,drill ITS hole(1) in cover blank,0.29,,,,,,,,
STIA,led,pendant,ITSLBL,Drill,1,drill ITS hole(1) in cover blank,0.29,,,,,,,,
STIA,led,pendant,ITSLBL,Drill,1,drill ITS hole(1) in cover blank,0.29,,,,,,,,
STIA,led,pendant,ITSLBL,Drill,1,drill ITS hole(1) in cover blank,0.29,,,,,,,,
STIA,led,pendant,ITSLBL,Drill,1,drill ITS hole(1) in cover blank,0.29,,,,,,,,
STIA,led,pendant,ITSLBL,Drill,1,drill ITS hole(1) in cover blank,0.29,,,,,,,,
STM,led,pendant,ITSLBL,Drill,1,drill ITS hole(1) in cover blank,0.29,,,,,,,,
STM,led,pendant,ITSLBL,Drill,1,drill ITS hole(1) in cover blank,0.29,,,,,,,,
STM,led,pendant,ITSLBL,Drill,1,drill ITS hole(1) in cover blank,0.29,,,,,,,,
STM,led,pendant,ITSLBL,Drill,1,drill ITS hole(1) in cover blank,0.29,,,,,,,,
STM,led,pendant,ITSLBL,Drill,1,drill ITS hole(1) in cover blank,0.29,,,,,,,,
STM,led,pendant,ITSLBL,Drill,1,drill ITS hole(1) in cover blank,0.29,,,,,,,,
STM,led,pendant,ITSLBL,Drill,1,drill ITS hole(1) in cover blank,0.29,,,,,,,,
STM,led,pendant,ITSLBL,Drill,1,drill ITS hole(1) in cover blank,0.29,,,,,,,,
STM,led,pendant,ITSLBL,Drill,1,drill ITS hole(1) in cover blank,0.29,,,,,,,,
ST020,led,pendant,ITSLBL,Drill,1,drill ITS hole(1) in cover blank,0.29,,,,,,,,
ST020,led,pendant,ITSLBL,Drill,1,drill ITS hole(1) in cover blank,0.29,,,,,,,,
ST020,led,pendant,ITSLBL,Drill,1,drill ITS hole(1) in cover blank,0.29,,,,,,,,
ST020,led,pendant,ITSLBL,Drill,1,drill ITS hole(1) in cover blank,0.29,,,,,,,,
ST020,led,pendant,ITSLBL,Drill,1,drill ITS hole(1) in cover blank,0.29,,,,,,,,
ST020,led,pendant,ITSLBL,Drill,1,drill ITS hole(1) in cover blank,0.29,,,,,,,,
ST020,led,pendant,ITSLBL,Drill,1,drill ITS hole(1) in cover blank,0.29,,,,,,,,
ST020,led,pendant,ITSLBL,Drill,1,drill ITS hole(1) in cover blank,0.29,,,,,,,,
ST020,led,pendant,ITSLBL,Drill,1,drill ITS hole(1) in cover blank,0.29,,,,,,,,
ST021,led,pendant,ITSLBL,Drill,1,drill ITS hole(1) in cover blank,0.29,,,,,,,,
ST021,led,pendant,ITSLBL,Drill,1,drill ITS hole(1) in cover blank,0.29,,,,,,,,
ST021,led,pendant,ITSLBL,Drill,1,drill ITS hole(1) in cover blank,0.29,,,,,,,,
ST021,led,pendant,ITSLBL,Drill,1,drill ITS hole(1) in cover blank,0.29,,,,,,,,
ST021,led,pendant,ITSLBL,Drill,1,drill ITS hole(1) in cover blank,0.29,,,,,,,,
ST021,led,pendant,ITSLBL,Drill,1,drill ITS hole(1) in cover blank,0.29,,,,,,,,
ST021,led,pendant,ITSLBL,Drill,1,drill ITS hole(1) in cover blank,0.29,,,,,,,,
ST021,led,pendant,ITSLBL,Drill,1,drill ITS hole(1) in cover blank,0.29,,,,,,,,
ST021,led,pendant,ITSLBL,Drill,1,drill ITS hole(1) in cover blank,0.29,,,,,,,,
ST022,led,pendant,ITSLBL,Drill,1,drill ITS hole(1) in cover blank,0.29,,,,,,,,
ST022,led,pendant,ITSLBL,Drill,1,drill ITS hole(1) in cover blank,0.29,,,,,,,,
ST022,led,pendant,ITSLBL,Drill,1,drill ITS hole(1) in cover blank,0.29,,,,,,,,
ST022,led,pendant,ITSLBL,Drill,1,drill ITS hole(1) in cover blank,0.29,,,,,,,,
ST022,led,pendant,ITSLBL,Drill,1,drill ITS hole(1) in cover blank,0.29,,,,,,,,
ST022,led,pendant,ITSLBL,Drill,1,drill ITS hole(1) in cover blank,0.29,,,,,,,,
ST022,led,pendant,ITSLBL,Drill,1,drill ITS hole(1) in cover blank,0.29,,,,,,,,
ST022,led,pendant,ITSLBL,Drill,1,drill ITS hole(1) in cover blank,0.29,,,,,,,,
ST022,led,pendant,ITSLBL,Drill,1,drill ITS hole(1) in cover blank,0.29,,,,,,,,
ST023,led,pendant,ITSLBL,Drill,1,drill ITS hole(1) in cover blank,0.29,,,,,,,,
ST023,led,pendant,ITSLBL,Drill,1,drill ITS hole(1) in cover blank,0.29,,,,,,,,
ST023,led,pendant,ITSLBL,Drill,1,drill ITS hole(1) in cover blank,0.29,,,,,,,,
ST023,led,pendant,ITSLBL,Drill,1,drill ITS hole(1) in cover blank,0.29,,,,,,,,
ST023,led,pendant,ITSLBL,Drill,1,drill ITS hole(1) in cover blank,0.29,,,,,,,,
ST023,led,pendant,ITSLBL,Drill,1,drill ITS hole(1) in cover blank,0.29,,,,,,,,
ST023,led,pendant,ITSLBL,Drill,1,drill ITS hole(1) in cover blank,0.29,,,,,,,,
ST023,led,pendant,ITSLBL,Drill,1,drill ITS hole(1) in cover blank,0.29,,,,,,,,
ST023,led,pendant,ITSLBL,Drill,1,drill ITS hole(1) in cover blank,0.29,,,,,,,,
ST024,led,pendant,ITSLBL,Drill,1,drill ITS hole(1) in cover blank,0.29,,,,,,,,
ST024,led,pendant,ITSLBL,Drill,1,drill ITS hole(1) in cover blank,0.29,,,,,,,,
ST024,led,pendant,ITSLBL,Drill,1,drill ITS hole(1) in cover blank,0.29,,,,,,,,
ST024,led,pendant,ITSLBL,Drill,1,drill ITS hole(1) in cover blank,0.29,,,,,,,,
ST024,led,pendant,ITSLBL,Drill,1,drill ITS hole(1) in cover blank,0.29,,,,,,,,
ST024,led,pendant,ITSLBL,Drill,1,drill ITS hole(1) in cover blank,0.29,,,,,,,,
ST024,led,pendant,ITSLBL,Drill,1,drill ITS hole(1) in cover blank,0.29,,,,,,,,
ST024,led,pendant,ITSLBL,Drill,1,drill ITS hole(1) in cover blank,0.29,,,,,,,,
ST024,led,pendant,ITSLBL,Drill,1,drill ITS hole(1) in cover blank,0.29,,,,,,,,
STPC50,led,pendant,ITSLBL,Drill,1,drill ITS hole(1) in cover blank,0.29,,,,,,,,
STPC50,led,pendant,ITSLBL,Drill,1,drill ITS hole(1) in cover blank,0.29,,,,,,,,
STPC50,led,pendant,ITSLBL,Drill,1,drill ITS hole(1) in cover blank,0.29,,,,,,,,
STPC50,led,pendant,ITSLBL,Drill,1,drill ITS hole(1) in cover blank,0.29,,,,,,,,
STPC50,led,pendant,ITSLBL,Drill,1,drill ITS hole(1) in cover blank,0.29,,,,,,,,
STPC50,led,pendant,ITSLBL,Drill,1,drill ITS hole(1) in cover blank,0.29,,,,,,,,
STPC50,led,pendant,ITSLBL,Drill,1,drill ITS hole(1) in cover blank,0.29,,,,,,,,
STPC50,led,pendant,ITSLBL,Drill,1,drill ITS hole(1) in cover blank,0.29,,,,,,,,
STPC50,led,pendant,ITSLBL,Drill,1,drill ITS hole(1) in cover blank,0.29,,,,,,,,
STPC52,led,pendant,ITSLBL,Drill,1,drill ITS hole(1) in cover blank,0.29,,,,,,,,
STPC52,led,pendant,ITSLBL,Drill,1,drill ITS hole(1) in cover blank,0.29,,,,,,,,
STPC52,led,pendant,ITSLBL,Drill,1,drill ITS hole(1) in cover blank,0.29,,,,,,,,
STPC52,led,pendant,ITSLBL,Drill,1,drill ITS hole(1) in cover blank,0.29,,,,,,,,
STPC52,led,pendant,ITSLBL,Drill,1,drill ITS hole(1) in cover blank,0.29,,,,,,,,
STPC52,led,pendant,ITSLBL,Drill,1,drill ITS hole(1) in cover blank,0.29,,,,,,,,
STPC52,led,pendant,ITSLBL,Drill,1,drill ITS hole(1) in cover blank,0.29,,,,,,,,
STPC52,led,pendant,ITSLBL,Drill,1,drill ITS hole(1) in cover blank,0.29,,,,,,,,
STPC52,led,pendant,ITSLBL,Drill,1,drill ITS hole(1) in cover blank,0.29,,,,,,,,
STPC53,led,pendant,ITSLBL,Drill,1,drill ITS hole(1) in cover blank,0.29,,,,,,,,
STPC53,led,pendant,ITSLBL,Drill,1,drill ITS hole(1) in cover blank,0.29,,,,,,,,
STPC53,led,pendant,ITSLBL,Drill,1,drill ITS hole(1) in cover blank,0.29,,,,,,,,
STPC53,led,pendant,ITSLBL,Drill,1,drill ITS hole(1) in cover blank,0.29,,,,,,,,
STPC53,led,pendant,ITSLBL,Drill,1,drill ITS hole(1) in cover blank,0.29,,,,,,,,
STPC53,led,pendant,ITSLBL,Drill,1,drill ITS hole(1) in cover blank,0.29,,,,,,,,
STPC53,led,pendant,ITSLBL,Drill,1,drill ITS hole(1) in cover blank,0.29,,,,,,,,
STPC53,led,pendant,ITSLBL,Drill,1,drill ITS hole(1) in cover blank,0.29,,,,,,,,
STPC53,led,pendant,ITSLBL,Drill,1,drill ITS hole(1) in cover blank,0.29,,,,,,,,
STPO40,led,pendant,ITSLBL,Drill,1,drill ITS hole(1) in cover blank,0.29,,,,,,,,
STPO40,led,pendant,ITSLBL,Drill,1,drill ITS hole(1) in cover blank,0.29,,,,,,,,
STPO40,led,pendant,ITSLBL,Drill,1,drill ITS hole(1) in cover blank,0.29,,,,,,,,
STPO40,led,pendant,ITSLBL,Drill,1,drill ITS hole(1) in cover blank,0.29,,,,,,,,
STPO40,led,pendant,ITSLBL,Drill,1,drill ITS hole(1) in cover blank,0.29,,,,,,,,
STPO40,led,pendant,ITSLBL,Drill,1,drill ITS hole(1) in cover blank,0.29,,,,,,,,
STPO40,led,pendant,ITSLBL,Drill,1,drill ITS hole(1) in cover blank,0.29,,,,,,,,
STPO40,led,pendant,ITSLBL,Drill,1,drill ITS hole(1) in cover blank,0.29,,,,,,,,
STPO40,led,pendant,ITSLBL,Drill,1,drill ITS hole(1) in cover blank,0.29,,,,,,,,
STPO41,led,pendant,ITSLBL,Drill,1,drill ITS hole(1) in cover blank,0.29,,,,,,,,
STPO41,led,pendant,ITSLBL,Drill,1,drill ITS hole(1) in cover blank,0.29,,,,,,,,
STPO41,led,pendant,ITSLBL,Drill,1,drill ITS hole(1) in cover blank,0.29,,,,,,,,
STPO41,led,pendant,ITSLBL,Drill,1,drill ITS hole(1) in cover blank,0.29,,,,,,,,
STPO41,led,pendant,ITSLBL,Drill,1,drill ITS hole(1) in cover blank,0.29,,,,,,,,
STPO41,led,pendant,ITSLBL,Drill,1,drill ITS hole(1) in cover blank,0.29,,,,,,,,
STPO41,led,pendant,ITSLBL,Drill,1,drill ITS hole(1) in cover blank,0.29,,,,,,,,
STPO41,led,pendant,ITSLBL,Drill,1,drill ITS hole(1) in cover blank,0.29,,,,,,,,
STPO41,led,pendant,ITSLBL,Drill,1,drill ITS hole(1) in cover blank,0.29,,,,,,,,
STPO42,led,pendant,ITSLBL,Drill,1,drill ITS hole(1) in cover blank,0.29,,,,,,,,
STPO42,led,pendant,ITSLBL,Drill,1,drill ITS hole(1) in cover blank,0.29,,,,,,,,
STPO42,led,pendant,ITSLBL,Drill,1,drill ITS hole(1) in cover blank,0.29,,,,,,,,
STPO42,led,pendant,ITSLBL,Drill,1,drill ITS hole(1) in cover blank,0.29,,,,,,,,
STPO42,led,pendant,ITSLBL,Drill,1,drill ITS hole(1) in cover blank,0.29,,,,,,,,
STPO42,led,pendant,ITSLBL,Drill,1,drill ITS hole(1) in cover blank,0.29,,,,,,,,
STPO42,led,pendant,ITSLBL,Drill,1,drill ITS hole(1) in cover blank,0.29,,,,,,,,
STPO42,led,pendant,ITSLBL,Drill,1,drill ITS hole(1) in cover blank,0.29,,,,,,,,
STPO42,led,pendant,ITSLBL,Drill,1,drill ITS hole(1) in cover blank,0.29,,,,,,,,
STPO43,led,pendant,ITSLBL,Drill,1,drill ITS hole(1) in cover blank,0.29,,,,,,,,
STPO43,led,pendant,ITSLBL,Drill,1,drill ITS hole(1) in cover blank,0.29,,,,,,,,
STPO43,led,pendant,ITSLBL,Drill,1,drill ITS hole(1) in cover blank,0.29,,,,,,,,
STPO43,led,pendant,ITSLBL,Drill,1,drill ITS hole(1) in cover blank,0.29,,,,,,,,
STPO43,led,pendant,ITSLBL,Drill,1,drill ITS hole(1) in cover blank,0.29,,,,,,,,
STPO43,led,pendant,ITSLBL,Drill,1,drill ITS hole(1) in cover blank,0.29,,,,,,,,
STPO43,led,pendant,ITSLBL,Drill,1,drill ITS hole(1) in cover blank,0.29,,,,,,,,
STPO43,led,pendant,ITSLBL,Drill,1,drill ITS hole(1) in cover blank,0.29,,,,,,,,
STPO43,led,pendant,ITSLBL,Drill,1,drill ITS hole(1) in cover blank,0.29,,,,,,,,
STPO44,led,pendant,ITSLBL,Drill,1,drill ITS hole(1) in cover blank,0.29,,,,,,,,
STPO44,led,pendant,ITSLBL,Drill,1,drill ITS hole(1) in cover blank,0.29,,,,,,,,
STPO44,led,pendant,ITSLBL,Drill,1,drill ITS hole(1) in cover blank,0.29,,,,,,,,
STPO44,led,pendant,ITSLBL,Drill,1,drill ITS hole(1) in cover blank,0.29,,,,,,,,
STPO44,led,pendant,ITSLBL,Drill,1,drill ITS hole(1) in cover blank,0.29,,,,,,,,
STPO44,led,pendant,ITSLBL,Drill,1,drill ITS hole(1) in cover blank,0.29,,,,,,,,
STPO44,led,pendant,ITSLBL,Drill,1,drill ITS hole(1) in cover blank,0.29,,,,,,,,
STPO44,led,pendant,ITSLBL,Drill,1,drill ITS hole(1) in cover blank,0.29,,,,,,,,
STPO44,led,pendant,ITSLBL,Drill,1,drill ITS hole(1) in cover blank,0.29,,,,,,,,
STPO50,led,pendant,ITSLBL,Drill,1,drill ITS hole(1) in cover blank,0.29,,,,,,,,
STPO50,led,pendant,ITSLBL,Drill,1,drill ITS hole(1) in cover blank,0.29,,,,,,,,
STPO50,led,pendant,ITSLBL,Drill,1,drill ITS hole(1) in cover blank,0.29,,,,,,,,
STPO50,led,pendant,ITSLBL,Drill,1,drill ITS hole(1) in cover blank,0.29,,,,,,,,
STPO50,led,pendant,ITSLBL,Drill,1,drill ITS hole(1) in cover blank,0.29,,,,,,,,
STPO50,led,pendant,ITSLBL,Drill,1,drill ITS hole(1) in cover blank,0.29,,,,,,,,
STPO50,led,pendant,ITSLBL,Drill,1,drill ITS hole(1) in cover blank,0.29,,,,,,,,
STPO50,led,pendant,ITSLBL,Drill,1,drill ITS hole(1) in cover blank,0.29,,,,,,,,
STPO50,led,pendant,ITSLBL,Drill,1,drill ITS hole(1) in cover blank,0.29,,,,,,,,
STPO51,led,pendant,ITSLBL,Drill,1,drill ITS hole(1) in cover blank,0.29,,,,,,,,
STPO51,led,pendant,ITSLBL,Drill,1,drill ITS hole(1) in cover blank,0.29,,,,,,,,
STPO51,led,pendant,ITSLBL,Drill,1,drill ITS hole(1) in cover blank,0.29,,,,,,,,
STPO51,led,pendant,ITSLBL,Drill,1,drill ITS hole(1) in cover blank,0.29,,,,,,,,
STPO51,led,pendant,ITSLBL,Drill,1,drill ITS hole(1) in cover blank,0.29,,,,,,,,
STPO51,led,pendant,ITSLBL,Drill,1,drill ITS hole(1) in cover blank,0.29,,,,,,,,
STPO51,led,pendant,ITSLBL,Drill,1,drill ITS hole(1) in cover blank,0.29,,,,,,,,
STPO51,led,pendant,ITSLBL,Drill,1,drill ITS hole(1) in cover blank,0.29,,,,,,,,
STPO51,led,pendant,ITSLBL,Drill,1,drill ITS hole(1) in cover blank,0.29,,,,,,,,
SCAC,led,pendant,ITSLEC,Drill,1,drill ITS hole(1) on end cap,0.5,,,,,,,,
SCDLAC,led,pendant,ITSLEC,Drill,1,drill ITS hole(1) on end cap,0.5,,,,,,,,
SCI ,led,pendant,ITSLEC,Drill,1,drill ITS hole(1) on end cap,0.5,,,,,,,,
SCILAC,led,pendant,ITSLEC,Drill,1,drill ITS hole(1) on end cap,0.5,,,,,,,,
SCSAC,led,pendant,ITSLEC,Drill,1,drill ITS hole(1) on end cap,0.5,,,,,,,,
SCSLAC,led,pendant,ITSLEC,Drill,1,drill ITS hole(1) on end cap,0.5,,,,,,,,
SCWI,led,pendant,ITSLEC,Drill,1,drill ITS hole(1) on end cap,0.5,,,,,,,,
SCRAC,led,recessed,ITSLBL,Drill,1,saw cover blank,0.29,,,,,,,,
SCRAC,led,recessed,ITSLBL,Drill,2,drill ITS hole(1) in cover blank,0.35,,,,,,,,
SCRLAC,led,recessed,ITSLBL,Drill,1,saw cover blank,0.29,,,,,,,,
SCRLAC,led,recessed,ITSLBL,Drill,2,drill ITS hole(1) in cover blank,0.35,,,,,,,,
zeled,led,pendant,ITSLEC,Drill,1,drill ITS hole(1) on end cap,0.5,,,,,,,,
202LED,led,pendant,ITSFREF,Preparation,1,drill ITS holes(2) on reflector,0.6,,,,,,,,
202WLED,led,wall,ITSFREF,Preparation,1,drill ITS holes(2) on reflector,0.6,,,,,,,,
ARCLED,led,pendant,ITSFREF,Preparation,1,drill ITS holes(2) on reflector,0.6,,,,,,,,
ARCWLED,led,wall,ITSFREF,Preparation,1,drill ITS holes(2) on reflector,0.6,,,,,,,,
B6WILED,led,wall,ITSLEC,Drill,1,drill ITS hole(1) on end cap,0.5,,,,,,,,
LTLED,led,pendant,ITSLREF,Preparation,1,drill ITS hole(1) on reflector,0.32,,,,,,,,
LTWLED,led,wall,ITSLREF,Preparation,1,drill ITS hole(1) on reflector,0.32,,,,,,,,
