 Labor Cost Calculation ,,,,,,,,,,,,,,,,,,,,,
,,,,,,,,,,,,,,,,,,,,,
 Enter product code ,,,,,,,,,,,,,,,,,,,,,
,,,,,,,,,,,,,,,,,,,,,
,,,,,,,,,,,,,,,,,,,,,
 Product Code Information ,,,,,,,, Options ,,,,,,,,,,,,,
,,,,,,,,,,,,,,,,,,,,,
 Product ID ,,,,,,,, Battery ,,,, MR ,,,,,,,,,
,,,,,,,, Batteries Qty ,  ,,, MR Lamp Qty ,,,,,,,,,
 Length ,,,,,,,,,,,,,,,,,,,,,
,,,, If applicable ,,,, Control ,,,, CB ,,,,,,,,,
 Optic Direct ,,,, Optic Indirect ,,,, Controls Qty ,  ,,, CB Lamp Qty ,,,,,,,,,
,,,,,,,,,,,,,,,,,,,,,
 Kind of Ballast/Driver ,,,,,,,   , Flexwhip ,,,, Chicago Plenum ,,,,,,,,,
,,,, Only for fluorescent ,,,, Top/End Feed ,,,, Remote ,,,,,,,,,
 Circuit ,,,, Lamp Down ,,,, Fuse ,,,, Emergency ,,,,,,,,,
,,,, Lamp Up ,,,, Dust Cover ,,,, Night Light ,,,,,,,,,
 Mounting/Suspension ,,,,,,,,,,,, GTD ,,,,,,,,,
,,,,,,,,,,,,,,,,,,,,,
 Shape ,#VALUE!,,, Lighting ,,,, Ballast/Driver ,,,,,,,,,,,,,
 Shape Description ,,,, Family Product ,,,, # Wires ,,,,,,,,,,,,,
,,,, Fixture Type ,,,, Description ,-,,,,,,,,,,,,
,,,, Section Type ,Complete Section,,, Bracket/N Bracket ,,,,,,,,,,,,,
,,,, Direct/Indirect ,,,, Ballast Fixation ,,,,,,,,,,,,,
,,,,,,,,,,,,,,,,,,,,,
 Circuit , CAD -   ,,, Circuit ,  ,,, Circuit ,  ,,, Circuit ,  ,,,,,,,,
 # Ballast/Driver CS ,,,, # Ballast/Driver SR1 ,,,, # Ballast/Driver SRM ,,,, # Ballast/Driver SRE ,,,,,,,,,
 Cartridge/Board ,,,, Cartridge/Board ,,,, Cartridge/Board ,,,, Cartridge/Board ,,,,,,,,,
 # Cartridge CS ,,,, # Cartridge SR1 ,,,, # Cartridge SRM ,,,, # Cartridge SRE ,,,,,,,,,
 Cartridge 1 CS ,,,, Cartridge 1 SR1 ,,,, Cartridge 1 SRM ,,,, Cartridge 1 SRE ,,,,,,,,,
 Cartridge 2 CS ,,,, Cartridge 2 SR1 ,,,, Cartridge 2 SRM ,,,, Cartridge 2 SRE ,,,,,,,,,
 Cartridge 3 CS ,,,, Cartridge 3 SR1 ,,,, Cartridge 3 SRM ,,,, Cartridge 3 SRE ,,,,,,,,,
,,,,,,,, Middle Section Qty ,,,,,,,,,,,,,
 Real CS , Complete Section ,,, Real SR1 , SR1 ,,, Real SRM , SRM ,,, Real SRE , SRE ,,,,,,,,
,,,,,,,,,,,,,,,,,,,,,
,,,,,,,,,,,,,,,,,,,,,
Operation,Work Center,Time,,Operation,Work Center,Time,,Operation,Work Center,Time,,Operation,Work Center,Time,,,,,,,
 Set-up MS CS , Saw ,,, Set-up MS SR1 , Saw ,,, Set-up MS SRM , Saw ,,, Set-up MS SRE , Saw ,,,,,,,,
, CNC ,,,, CNC ,,,, CNC ,,,, CNC ,,,,,,,,
, Drilling ,,,, Drilling ,,,, Drilling ,,,, Drilling ,,,,,,,,
, Milling ,,,, Milling ,,,, Milling ,,,, Milling ,,,,,,,,
, Miscellaneous ,,,, Miscellaneous ,,,, Miscellaneous ,,,, Miscellaneous ,,,,,,,,
, Punch ,,,, Punch ,,,, Punch ,,,, Punch ,,,,,,,,
 Set up Sub End C CS , Single Saw ,,, Set up Sub End C SR1 , Single Saw ,,, Set up Sub End C SRM , Single Saw ,,, Set up Sub End C SRE , Single Saw ,,,,,,,,
, CNC ,,,, CNC ,,,, CNC ,,,, CNC ,,,,,,,,
, Drilling ,,,, Drilling ,,,, Drilling ,,,, Drilling ,,,,,,,,
, Milling ,,,, Punch ,,,, Punch ,,,, Punch ,,,,,,,,
 Set-up Sub Optics CS , Cutter ,,, Set-up Sub Optics SR1 , Cutter ,,, Set-up Sub Optics SRM , Cutter ,,, Set-up Sub Optics SRE , Cutter ,,,,,,,,
, Drilling ,,,, Drilling ,,,, Drilling ,,,, Drilling ,,,,,,,,
, Grind ,,,, Grind ,,,, Grind ,,,, Grind ,,,,,,,,
, Saw ,,,, Saw ,,,, Saw ,,,, Saw ,,,,,,,,
, Saw Bench ,,,, Saw Bench ,,,, Saw Bench ,,,, Saw Bench ,,,,,,,,
, Saw Lenses ,,,, Saw Lenses ,,,, Saw Lenses ,,,, Saw Lenses ,,,,,,,,
, Subassembly ,,,, Subassembly ,,,, Subassembly ,,,, Subassembly ,,,,,,,,
, Single Saw ,,,, Single Saw ,,,, Single Saw ,  ,,, Single Saw ,,,,,,,,
 Set-up Housing CS , Subassembly ,,, Set-up Housing SR1 , Subassembly ,,, Set-up Housing SRM , Subassembly ,,, Set-up Housing SRE , Subassembly ,,,,,,,,
, Housing Assembly ,,,, Housing Assembly ,,,, Housing Assembly ,,,, Housing Assembly ,,,,,,,,
 Set-up MR , Drilling ,,, Set-up MR , Drilling ,,,,,,,,,,,,,,,,
, Single Saw ,,,, Saw ,,,,,,,,,,,,,,,,
 Set-up Controls , Single Saw ,,, Set-up Controls , Saw ,,,,,,,,,,,,,,,,
, CNC ,,,, CNC ,,,,,,,,,,,,,,,,
 Set-up End Feed , Drilling ,,, Set-up End Feed , Drilling ,,,,,,,,,,,,,,,,
 Set-up Remote , Single Saw ,,, Set-up Remote , Single Saw ,,,,,,,,,,,,,,,,
, Subassembly ,,,, Subassembly ,,,,,,,,,,,,,,,,
 Set-up CB , Single Saw ,,, Set-up CB , Single Saw ,,,,,,,,,,,,,,,,
, Drilling ,,,, Drilling ,,,,,,,,,,,,,,,,
, CNC ,,,, CNC ,,,,,,,,,,,,,,,,
,,,,,,,,,,,,,,,,,,,,,
Operation,Work Center,Time,,Operation,Work Center,Time,,Operation,Work Center,Time,,Operation,Work Center,Time,,,,,,,
 MS Time CS , Double Saw ,,, MS Time SR1 , Double Saw ,,, MS Time SRM , Double Saw ,,, MS Time SRE , Double Saw ,,,,,,,,
, Single Saw ,,,, Single Saw ,,,, Single Saw ,,,, Single Saw ,,,,,,,,
, CNC ,,,, CNC ,,,, CNC ,,,, CNC ,,,,,,,,
, Drill ,,,, Drill ,,,, Drill ,,,, Drill ,,,,,,,,
, Mill ,,,, Mill ,,,, Mill ,,,, Mill ,,,,,,,,
, Brake ,,,, Brake ,,,, Brake ,,,, Brake ,,,,,,,,
, Welding ,,,, Welding ,,,, Welding ,,,, Welding ,,,,,,,,
, Punch ,,,, Punch ,,,, Punch ,,,, Punch ,,,,,,,,
 Sub End C CS , Single Saw ,,, Sub End C SR1 , Single Saw ,,, Sub End C SRM , Single Saw ,,, Sub End C SRE , Single Saw ,,,,,,,,
, Drill ,,,, Drill ,,,, Drill ,,,, Drill ,,,,,,,,
, Mill ,,,, Mill ,,,, Mill ,,,, Mill ,,,,,,,,
, Preparation ,,,, Preparation ,,,, Preparation ,,,, Preparation ,,,,,,,,
 Sub End P CS , Drill ,,, Sub End P SR1 , Drill ,,, Sub Optics SRM , Brake ,,, Sub End P SRE , Drill ,,,,,,,,
, MS Table ,,,, MS Table ,,,, Drill ,,,, MS Table ,,,,,,,,
, Saw Lenses ,,,, Saw Lenses ,,,, Grind ,,,, Saw Lenses ,,,,,,,,
 Sub Optics CS , Brake ,,, Sub Optics SR1 , Brake ,,,, Double Saw ,,, Sub Optics SRE , Brake ,,,,,,,,
, Drill ,,,, Drill ,,,, Saw Bench ,,,, Drill ,,,,,,,,
, Grind ,,,, Grind ,,,, Saw Lenses ,,,, Grind ,,,,,,,,
, Double Saw ,,,, Double Saw ,,,, Single Saw ,,,, Double Saw ,,,,,,,,
, Saw Bench ,,,, Saw Bench ,,,, Preparation ,,,, Saw Bench ,,,,,,,,
, Saw Lenses ,,,, Saw Lenses ,,,, Subassembly Lens Grid ,  ,,, Saw Lenses ,,,,,,,,
, Single Saw ,,,, Single Saw ,,, Housing SRM , Double Saw ,,,, Single Saw ,,,,,,,,
, Preparation ,,,, Preparation ,,,, Subassembly MS ,,,, Preparation ,,,,,,,,
, Subassembly Lens Grid ,,,, Subassembly Lens Grid ,,,, MS Table ,,,, Subassembly Lens Grid ,,,,,,,,
 Housing CS , Double Saw ,,, Housing SR1 , Double Saw ,,,, MS Jig ,,, Housing SRE , Double Saw ,,,,,,,,
, Subassembly MS ,,,, Subassembly MS ,,,, Assembly ,,,, Subassembly MS ,,,,,,,,
, MS Table ,,,, MS Table ,,,, Drill ,  ,,, MS Table ,,,,,,,,
, MS Jig ,,,, MS Jig ,,, Ballast Fixation , Assembly ,,,, MS Jig ,,,,,,,,
, Assembly ,,,, Assembly ,,, Light Connexion , Assembly ,,,, Assembly ,,,,,,,,
, Drill ,,,, Drill ,,, Power Connexion ,Assembly,,,, Drill ,,,,,,,,
 Ballast Fixation , Assembly ,,, Ballast Fixation , Assembly ,,, Exit Wires ,Assembly,,, Ballast Fixation , Assembly ,,,,,,,,
 Light Connexion , Assembly ,,, Light Connexion , Assembly ,,, Ballast/Driver , Preparation ,,, Light Connexion , Assembly ,,,,,,,,
 Power Connexion ,Assembly,,, Power Connexion ,Assembly,,, Cartridge 1 SRM , Subassembly LED ,,, Power Connexion ,Assembly,,,,,,,,
 Exit Wires ,Assembly,,, Exit Wires ,Assembly,,, Cartridge 2 SRM , Subassembly LED ,,, Exit Wires ,Assembly,,,,,,,,
 Ballast/Driver , Preparation ,,, Ballast/Driver , Preparation ,,, Cartridge 3 SRM , Subassembly LED ,,, Ballast/Driver , Preparation ,,,,,,,,
 Cartridge 1 CS , Subassembly LED ,,, Cartridge 1 SR1 , Subassembly LED ,,, Board , Preparation ,,, Cartridge 1 SR1 , Subassembly LED ,,,,,,,,
 Cartridge 2 CS , Subassembly LED ,,, Cartridge 2 SR1 , Subassembly LED ,,,, Assembly ,,, Cartridge 2 SR1 , Subassembly LED ,,,,,,,,
 Cartridge 3 CS , Subassembly LED ,,, Cartridge 3 SR1 , Subassembly LED ,,, Power Cord , Subassembly Wires ,,, Cartridge 3 SR1 , Subassembly LED ,,,,,,,,
 Board , Preparation ,,, Board , Preparation ,,, Screw Reflector , Preparation ,,, Board , Preparation ,,,,,,,,
, Assembly ,,,, Assembly ,,,, Assembly ,,,, Assembly ,,,,,,,,
 Power Cord , Subassembly Wires ,,, Power Cord , Subassembly Wires ,,, Back Cover Plate , Assembly ,,, Power Cord , Subassembly Wires ,,,,,,,,
 Screw Reflector , Preparation ,,, Screw Reflector , Preparation ,,, Hanger , Subassembly Hangers ,,, Screw Reflector , Preparation ,,,,,,,,
, Assembly ,,,, Assembly ,,,, Assembly ,,,, Assembly ,,,,,,,,
 Back Cover Plate , Assembly ,,, Back Cover Plate , Assembly ,,, Operational Test , Assembly ,,, Back Cover Plate , Assembly ,,,,,,,,
 Hanger , Subassembly Hangers ,,, Hanger , Subassembly Hangers ,,, Label , Assembly ,,, Hanger , Subassembly Hangers ,,,,,,,,
, Assembly ,,,, Assembly ,,, Optic Direct , Preparation ,,,, Assembly ,,,,,,,,
 End Cap , Preparation ,,, End Cap , Preparation ,,,, Assembly ,,, End Cap , Preparation ,,,,,,,,
, Assembly ,,,, Assembly ,,, Optic Indirect , Preparation ,,,, Assembly ,,,,,,,,
 Operational Test , Assembly ,,, Operational Test , Assembly ,,,, Assembly ,,, Operational Test , Assembly ,,,,,,,,
 Label , Assembly ,,, Label , Assembly ,,, Inspection , Assembly ,,, Label , Assembly ,,,,,,,,
 Optic Direct , Preparation ,,, Optic Direct , Preparation ,,,, Preparation ,,, Optic Direct , Preparation ,,,,,,,,
, Assembly ,,,, Assembly ,,, Counterweight , Preparation ,,,, Assembly ,,,,,,,,
 Optic Indirect , Preparation ,,, Optic Indirect , Preparation ,,,, Hacksaw ,,, Optic Indirect , Preparation ,,,,,,,,
, Assembly ,,,, Assembly ,,, Packaging , Assembly ,,,, Assembly ,,,,,,,,
 Inspection , Assembly ,,, Inspection , Assembly ,,,, Packaging ,,, Inspection , Assembly ,,,,,,,,
, Preparation ,,,, Preparation ,,, Mounting Kits , CNC ,,,, Preparation ,,,,,,,,
 Counterweight , Preparation ,,, Counterweight , Preparation ,,,, Mounting Kits ,,, Counterweight , Preparation ,,,,,,,,
, Hacksaw ,,,, Hacksaw ,,,, Punch ,,,, Hacksaw ,,,,,,,,
 Packaging , Assembly ,,, Packaging , Assembly ,,,, Hacksaw ,,, Packaging , Assembly ,,,,,,,,
, Packaging ,,,, Packaging ,,,, Subassembly Lens Grid ,,,, Packaging ,,,,,,,,
 Mounting Kits , CNC ,,, Mounting Kits , CNC ,,,, Subassembly MS ,,, Mounting Kits , CNC ,,,,,,,,
, Mounting Kits ,,,, Mounting Kits ,,,, Double Saw ,  ,,, Mounting Kits ,,,,,,,,
, Punch ,,,, Punch ,,, Dust Cover , Preparation ,,,, Punch ,,,,,,,,
, Hacksaw ,,,, Hacksaw ,,,, Assembly ,,,, Hacksaw ,,,,,,,,
, Subassembly Lens Grid ,,,, Subassembly Lens Grid ,,, Chicago Plenium , Assembly ,,,, Subassembly Lens Grid ,,,,,,,,
, Subassembly MS ,,,, Subassembly MS ,,,,,,,, Subassembly MS ,,,,,,,,
, Double Saw ,,,, Double Saw ,,,,,,,, Double Saw ,,,,,,,,
 Emergency , Assembly ,,, Emergency , Assembly ,,,,,,, Dust Cover , Preparation ,,,,,,,,
, Punch ,,,, Punch ,,,,,,,, Assembly ,,,,,,,,
, Subassembly Wires ,,,, Subassembly Wires ,,,,,,, Chicago Plenium , Assembly ,,,,,,,,
 GTD , Assembly ,,, GTD , Assembly ,,,,,,,,,,,,,,,,
, Drill ,,,, Drill ,,,,,,,,,,,,,,,,
, Preparation ,,,, Preparation ,,,,,,,,,,,,,,,,
 Night Light , Assembly ,,, Night Light , Assembly ,,,,,,,,,,,,,,,,
, Subassembly Wires ,,,, Subassembly Wires ,,,,,,,,,,,,,,,,
 MR , Assembly ,,, MR , Assembly ,,,,,,,,,,,,,,,,
, Drill ,,,, Drill ,,,,,,,,,,,,,,,,
, Single Saw ,,,, Single Saw ,,,,,,,,,,,,,,,,
, Subassembly Wires ,,,, Subassembly Wires ,,,,,,,,,,,,,,,,
, Preparation ,,,, Preparation ,,,,,,,,,,,,,,,,
 Controls , Assembly ,,, Controls , Assembly ,,,,,,,,,,,,,,,,
, CNC ,,,, CNC ,,,,,,,,,,,,,,,,
, Single Saw ,,,, Single Saw ,,,,,,,,,,,,,,,,
, Preparation ,,,, Preparation ,,,,,,,,,,,,,,,,
 End Feed , Assembly ,,, End Feed , Assembly ,,,,,,,,,,,,,,,,
, Drill ,,,, Drill ,,,,,,,,,,,,,,,,
, Preparation ,,,, Preparation ,,,,,,,,,,,,,,,,
 Fuse , Assembly ,,, Fuse , Assembly ,,,,,,,,,,,,,,,,
, Preparation ,,,, Preparation ,,,,,,,,,,,,,,,,
 ITS , Single Saw ,,, ITS , Single Saw ,,,,,,,,,,,,,,,,
, Drill ,,,, Drill ,,,,,,,,,,,,,,,,
, Preparation ,,,, Preparation ,,,,,,,,,,,,,,,,
 Battery , Preparation ,,, Battery , Preparation ,,,,,,,,,,,,,,,,
, Assembly ,,,, Assembly ,,,,,,,,,,,,,,,,
 Flexwhip , Assembly ,,, Flexwhip , Assembly ,,,,,,,,,,,,,,,,
, Preparation ,,,, Preparation ,,,,,,,,,,,,,,,,
 Dust Cover , Preparation ,,, Dust Cover , Preparation ,,,,,,,,,,,,,,,,
, Assembly ,,,, Assembly ,,,,,,,,,,,,,,,,
 Chicago Plenium , Assembly ,,, Chicago Plenium , Assembly ,,,,,,,,,,,,,,,,
 Remote , Assembly ,,, Remote , Assembly ,,,,,,,,,,,,,,,,
, Packaging ,,,, Packaging ,,,,,,,,,,,,,,,,
, Double Saw ,,,, Double Saw ,,,,,,,,,,,,,,,,
, Single Saw ,,,, Single Saw ,,,,,,,,,,,,,,,,
, MS Table ,,,, MS Table ,,,,,,,,,,,,,,,,
, Mounting Kits ,,,, Mounting Kits ,,,,,,,,,,,,,,,,
 CB , Assembly ,,, CB , Assembly ,,,,,,,,,,,,,,,,
, CNC ,,,, CNC ,,,,,,,,,,,,,,,,
, Grind ,,,, Grind ,,,,,,,,,,,,,,,,
, Single Saw ,,,, Single Saw ,,,,,,,,,,,,,,,,
, Subassembly LED ,,,, Subassembly LED ,,,,,,,,,,,,,,,,
, Drill ,,,, Drill ,,,,,,,,,,,,,,,,
,,,,,,,,,,,,,,,,,,,,,
 TOTAL , Double Saw ,,, TOTAL , Double Saw ,,, TOTAL , Double Saw ,,, TOTAL , Double Saw ,,,,,,,,
, Single Saw ,,,, Single Saw ,,,, Single Saw ,,,, Single Saw ,,,,,,,,
, Saw Lenses ,,,, Saw Lenses ,,,, Saw Lenses ,,,, Saw Lenses ,,,,,,,,
, Subassembly Lens Grid ,,,, Subassembly Lens Grid ,,,, Subassembly Lens Grid ,,,, Subassembly Lens Grid ,,,,,,,,
, Saw Bench ,,,, Saw Bench ,,,, Saw Bench ,,,, Saw Bench ,,,,,,,,
, CNC ,,,, CNC ,,,, CNC ,,,, CNC ,,,,,,,,
, Drill ,,,, Drill ,,,, Drill ,,,, Drill ,,,,,,,,
, Mill ,,,, Mill ,,,, Mill ,,,, Mill ,,,,,,,,
, Punch ,,,, Punch ,,,, Punch ,,,, Punch ,,,,,,,,
, Welding ,,,, Welding ,,,, Welding ,,,, Welding ,,,,,,,,
, Hacksaw ,,,, Hacksaw ,,,, Hacksaw ,,,, Hacksaw ,,,,,,,,
, Brake ,,,, Brake ,,,, Brake ,,,, Brake ,,,,,,,,
, MS Table ,,,, MS Table ,,,, MS Table ,,,, MS Table ,,,,,,,,
, MS Jig ,,,, MS Jig ,,,, MS Jig ,,,, MS Jig ,,,,,,,,
, Grind ,,,, Grind ,,,, Grind ,,,, Grind ,,,,,,,,
, Subassembly MS ,,,, Subassembly MS ,,,, Subassembly MS ,,,, Subassembly MS ,,,,,,,,
, Assembly ,,,, Assembly ,,,, Assembly ,,,, Assembly ,,,,,,,,
, Preparation ,,,, Preparation ,,,, Preparation ,,,, Preparation ,,,,,,,,
, Subassembly LED ,,,, Subassembly LED ,,,, Subassembly LED ,,,, Subassembly LED ,,,,,,,,
, Subassembly Wires ,,,, Subassembly Wires ,,,, Subassembly Wires ,,,, Subassembly Wires ,,,,,,,,
, Subassembly Hangers ,,,, Subassembly Hangers ,,,, Subassembly Hangers ,,,, Subassembly Hangers ,,,,,,,,
, Mounting Kits ,,,, Mounting Kits ,,,, Mounting Kits ,,,, Mounting Kits ,,,,,,,,
, Packaging ,,,, Packaging ,,,, Packaging ,,,, Packaging ,,,,,,,,
,,,,,,,,,,,,,,,,,,,,,
 Double Saw ,,,, Machine Shop ,,,," TOTAL VALUE-ADDED TIME
(min) ",,,, STANDARD LABOR COST ,,,,,,,,,
 Single Saw ,,,,,,,,,,,,,,,,,,,,,
 Saw Lenses ,,,,,,,,,,,,,,,,,,,,,
 Subassembly Lens Grid ,,,,,,,,,,,,  ,,,,,,,,,
 Saw Bench ,,,,,,,,,,,,,,,, TOTAL LABOR COST ,,,,,
 CNC ,,,,,,,,,,,,,,,,,,,,,
 Drill ,,,,,,,,,,,,,,,,,,,,,
 Mill ,,,, Subassembly ,,,,,,,,,,,, CAD -   ,,,,,
 Punch ,,,,,,,, STANDARD TIME (min) ,,,, OVERHEAD ,,,,,,,,,
 Welding ,,,,,,,,,,,,,,,,,,,,,
 Hacksaw ,,,,,,,,,,,,,,,,,,,,,
 Brake ,,,,,,,,,,,,  ,,,,,,,,,
 MS Table ,,,,,,,,,,,,,,,,,,,,,
 MS Jig ,,,,,,,,,,,,,,,,,,,,,
 Grind ,,,, Wiring ,,,,,,,,,,,,,,,,,
 Subassembly MS ,,,,,,,,,,,,,,,,,,,,,
 Assembly ,,,,,,,,,,,,,,,,,,,,,
 Preparation ,,,,,,,,,,,,,,,,,,,,,
 Subassembly LED ,,,,,,,,,,,,,,,,,,,,,
 Subassembly Wires ,,,,,,,,,,,,,,,,,,,,,
 Subassembly Hangers ,,,,,,,,,,,,,,,,,,,,,
 Mounting Kits ,,,,,,,,,,,,,,,,,,,,,
 Packaging ,,,,,,,,,,,,,,,,,,,,,
