Index, SheetName , Hyperlink , Group By  , Prod Time  ,, Product ID , Work Center , Length , Fixture Type , Mounting , Description , Section , Family Product , Mounting , Option , Dust Cover , Lamp Qty , Flange , Control , Ballast fixation , Lighting , Circuit Option , Circuit , Project Reference , Bracket/N Bracket , Driver/ Ballast , Wires Qty , Cartridge/Board\ 
1,SheetNames, Go To Sheet ,,,, FALSE , FALSE , FALSE , FALSE , FALSE , FALSE , FALSE , FALSE , FALSE , FALSE , FALSE , FALSE , FALSE , FALSE , FALSE , FALSE , FALSE , FALSE , FALSE , FALSE , FALSE , FALSE , FALSE 
2,Start, Go To Sheet , Input ,,, FALSE , FALSE , FALSE , FALSE , FALSE , FALSE , FALSE , FALSE , FALSE , FALSE , FALSE , FALSE , FALSE , FALSE , FALSE , FALSE , FALSE , FALSE , FALSE , FALSE , FALSE , FALSE , FALSE 
3,TS, Go To Sheet , Work centre ,, Don’t understand , FALSE , FALSE , FALSE , FALSE , FALSE , FALSE , FALSE , FALSE , FALSE , FALSE , FALSE , FALSE , FALSE , FALSE , FALSE , FALSE , FALSE , FALSE , FALSE , FALSE , FALSE , FALSE , FALSE 
4,Routing, Go To Sheet , Input ,,, FALSE , FALSE , FALSE , FALSE , FALSE , FALSE , FALSE , FALSE , FALSE , FALSE , FALSE , FALSE , FALSE , FALSE , FALSE , FALSE , FALSE , FALSE , FALSE , FALSE , FALSE , FALSE , FALSE 
5,Routing Patterns, Go To Sheet , Input ,,, FALSE , FALSE , FALSE , FALSE , FALSE , FALSE , FALSE , FALSE , FALSE , FALSE , FALSE , FALSE , FALSE , FALSE , FALSE , FALSE , FALSE , FALSE , FALSE , FALSE , FALSE , FALSE , FALSE 
6,Routing Grid, Go To Sheet , Input ,,, FALSE , FALSE , FALSE , FALSE , FALSE , FALSE , FALSE , FALSE , FALSE , FALSE , FALSE , FALSE , FALSE , FALSE , FALSE , FALSE , FALSE , FALSE , FALSE , FALSE , FALSE , FALSE , FALSE 
7,Sketch, Go To Sheet , Input ,,, FALSE , FALSE , FALSE , FALSE , FALSE , FALSE , FALSE , FALSE , FALSE , FALSE , FALSE , FALSE , FALSE , FALSE , FALSE , FALSE , FALSE , FALSE , FALSE , FALSE , FALSE , FALSE , FALSE 
8,Pattern, Go To Sheet , Input ,,, FALSE , FALSE , FALSE , FALSE , FALSE , FALSE , FALSE , FALSE , FALSE , FALSE , FALSE , FALSE , FALSE , FALSE , FALSE , FALSE , FALSE , FALSE , FALSE , FALSE , FALSE , FALSE , FALSE 
9,Accent, Go To Sheet ,,,, FALSE , FALSE , FALSE , FALSE , FALSE , FALSE , FALSE , FALSE , FALSE , FALSE , FALSE , FALSE , FALSE , FALSE , FALSE , FALSE , FALSE , FALSE , FALSE , FALSE , FALSE , FALSE , FALSE 
10,Product ID, Go To Sheet , Product ID ,," Gives lighting, Fixture, Fixture Type, Description, cartrid/board,Pattern ", TRUE , FALSE , FALSE , FALSE , FALSE , FALSE , FALSE , FALSE , FALSE , FALSE , FALSE , FALSE , FALSE , FALSE , FALSE , FALSE , FALSE , FALSE , FALSE , FALSE , FALSE , FALSE , FALSE 
11,DB, Go To Sheet ,,,, FALSE , FALSE , FALSE , FALSE , FALSE , FALSE , FALSE , FALSE , FALSE , FALSE , FALSE , FALSE , FALSE , FALSE , FALSE , FALSE , FALSE , FALSE , FALSE , FALSE , FALSE , FALSE , FALSE 
12,Sketch DB, Go To Sheet ,,,, FALSE , FALSE , FALSE , FALSE , FALSE , FALSE , FALSE , FALSE , FALSE , FALSE , FALSE , FALSE , FALSE , FALSE , FALSE , FALSE , FALSE , FALSE , FALSE , FALSE , FALSE , FALSE , FALSE 
13,Set-up MS, Go To Sheet ," Product ID,Description,Work Center ",,, TRUE , TRUE , FALSE , FALSE , FALSE , TRUE , FALSE , FALSE , FALSE , FALSE , FALSE , FALSE , FALSE , FALSE , FALSE , FALSE , FALSE , FALSE , FALSE , FALSE , FALSE , FALSE , FALSE 
14,MS, Go To Sheet ," 'Product ID','Description', 'Work Center', 'Length' ", 'Total Time (min)' ,, TRUE , TRUE , TRUE , FALSE , FALSE , TRUE , FALSE , FALSE , FALSE , FALSE , FALSE , FALSE , FALSE , FALSE , FALSE , FALSE , FALSE , FALSE , FALSE , FALSE , FALSE , FALSE , FALSE 
15,Set up Sub End C, Go To Sheet ," Product ID, Work Center ",,, TRUE , TRUE , FALSE , FALSE , FALSE , FALSE , FALSE , FALSE , FALSE , FALSE , FALSE , FALSE , FALSE , FALSE , FALSE , FALSE , FALSE , FALSE , FALSE , FALSE , FALSE , FALSE , FALSE 
16,Sub End C, Go To Sheet ," Product ID,Work Center, Section ",,, TRUE , TRUE , FALSE , FALSE , FALSE , FALSE , TRUE , FALSE , FALSE , FALSE , FALSE , FALSE , FALSE , FALSE , FALSE , FALSE , FALSE , FALSE , FALSE , FALSE , FALSE , FALSE , FALSE 
17,Set-up Remo, Go To Sheet , Work Center , Time(min) , Only 3 rows , FALSE , TRUE , FALSE , FALSE , FALSE , FALSE , FALSE , FALSE , FALSE , FALSE , FALSE , FALSE , FALSE , FALSE , FALSE , FALSE , FALSE , FALSE , FALSE , FALSE , FALSE , FALSE , FALSE 
18,Sub End P, Go To Sheet ," Product ID,Deccription,Work Center ", Total Time (min) ,, TRUE , TRUE , FALSE , FALSE , FALSE , FALSE , FALSE , FALSE , FALSE , FALSE , FALSE , FALSE , FALSE , FALSE , FALSE , FALSE , FALSE , FALSE , FALSE , FALSE , FALSE , FALSE , FALSE 
19,Set-up Subop, Go To Sheet ," Family Product,Option, workcenter ", Time(min) ,, FALSE , FALSE , FALSE , FALSE , FALSE , FALSE , FALSE , TRUE , FALSE , TRUE , FALSE , FALSE , FALSE , FALSE , FALSE , FALSE , FALSE , FALSE , FALSE , FALSE , FALSE , FALSE , FALSE 
20,Sub Op, Go To Sheet ," Family Product,Option, Section, Work Center, Length ", Time(min) , Need to sum , FALSE , TRUE , TRUE , FALSE , FALSE , FALSE , TRUE , TRUE , FALSE , TRUE , FALSE , FALSE , FALSE , FALSE , FALSE , FALSE , FALSE , FALSE , FALSE , FALSE , FALSE , FALSE , FALSE 
21,Set-up H, Go To Sheet ," Product ID, Flange, Work Center, Length ", Time(min) ,, TRUE , TRUE , TRUE , FALSE , FALSE , FALSE , FALSE , FALSE , FALSE , FALSE , FALSE , FALSE , TRUE , FALSE , FALSE , FALSE , FALSE , FALSE , FALSE , FALSE , FALSE , FALSE , FALSE 
22,H, Go To Sheet ," Product ID, Lighting, Fixture Type, Flange, Work Center, Section, Length ", Time(min) , Need to sum , TRUE , TRUE , TRUE , TRUE , FALSE , FALSE , TRUE , FALSE , FALSE , FALSE , FALSE , FALSE , TRUE , FALSE , FALSE , TRUE , FALSE , FALSE , FALSE , FALSE , FALSE , FALSE , FALSE 
23,Optic, Go To Sheet ," Family Product,Optic,Length, Option ", Time (min) , Need to sum , FALSE , FALSE , TRUE , FALSE , FALSE , FALSE , FALSE , TRUE , FALSE , TRUE , FALSE , FALSE , FALSE , FALSE , FALSE , FALSE , FALSE , FALSE , FALSE , FALSE , FALSE , FALSE , FALSE 
24,BallastFix, Go To Sheet , Product ID , 'UNIT TIME (MIN)' ,, TRUE , FALSE , FALSE , FALSE , FALSE , FALSE , FALSE , FALSE , FALSE , FALSE , FALSE , FALSE , FALSE , FALSE , FALSE , FALSE , FALSE , FALSE , FALSE , FALSE , FALSE , FALSE , FALSE 
25,BaDri, Go To Sheet ," Bracket/N Bracket,Lighting,Driver/ Ballast ", Total time (min) , Need to sum , FALSE , FALSE , FALSE , FALSE , FALSE , FALSE , FALSE , FALSE , FALSE , FALSE , FALSE , FALSE , FALSE , FALSE , FALSE , TRUE , FALSE , FALSE , FALSE , TRUE , TRUE , FALSE , FALSE 
26,Light C, Go To Sheet ," Family Product,Lighting,Nb Circuit, Length, Lamp/ Cart Quty ", Time (min) ,, FALSE , FALSE , TRUE , FALSE , FALSE , FALSE , FALSE , TRUE , FALSE , FALSE , FALSE , FALSE , FALSE , FALSE , FALSE , TRUE , FALSE , TRUE , FALSE , FALSE , FALSE , FALSE , FALSE 
27,Power C, Go To Sheet ," Section, Ballast/ Driver, Circuit, Length,Option ", Total Time (min) , Need to sum , FALSE , FALSE , TRUE , FALSE , FALSE , FALSE , TRUE , FALSE , FALSE , TRUE , FALSE , FALSE , FALSE , FALSE , FALSE , FALSE , FALSE , TRUE , FALSE , FALSE , FALSE , FALSE , FALSE 
28,Exit W, Go To Sheet ," Section,Fixture Type, Circuit, Driver/ Ballast ", Time (min) ,, FALSE , FALSE , FALSE , TRUE , FALSE , FALSE , TRUE , FALSE , FALSE , FALSE , FALSE , FALSE , FALSE , FALSE , FALSE , FALSE , FALSE , TRUE , FALSE , FALSE , TRUE , FALSE , FALSE 
29,P Cord, Go To Sheet , Wires Qty , Time (min) , Need to sum , FALSE , FALSE , FALSE , FALSE , FALSE , FALSE , FALSE , FALSE , FALSE , FALSE , FALSE , FALSE , FALSE , FALSE , FALSE , FALSE , FALSE , FALSE , FALSE , FALSE , FALSE , TRUE , FALSE 
30,CartridgeBoard, Go To Sheet ," Cartridge/Board, Work Center, Type ", Total Time , Need to sum , FALSE , TRUE , FALSE , FALSE , FALSE , FALSE , FALSE , FALSE , FALSE , FALSE , FALSE , FALSE , FALSE , FALSE , FALSE , FALSE , FALSE , FALSE , FALSE , FALSE , FALSE , FALSE , FALSE 
31,Screw Ref, Go To Sheet ," Product ID, Length, Work Center ",,, TRUE , TRUE , TRUE , FALSE , FALSE , FALSE , FALSE , FALSE , FALSE , FALSE , FALSE , FALSE , FALSE , FALSE , FALSE , FALSE , FALSE , FALSE , FALSE , FALSE , FALSE , FALSE , FALSE 
32,Back C, Go To Sheet ," Product ID, Length ", Time(min) ,, TRUE , FALSE , TRUE , FALSE , FALSE , FALSE , FALSE , FALSE , FALSE , FALSE , FALSE , FALSE , FALSE , FALSE , FALSE , FALSE , FALSE , FALSE , FALSE , FALSE , FALSE , FALSE , FALSE 
33,Hanger, Go To Sheet ," Product ID,Option,Section Type, Work Center, Task ", Total Time (min) ,, TRUE , TRUE , FALSE , FALSE , FALSE , FALSE , TRUE , FALSE , FALSE , TRUE , FALSE , FALSE , FALSE , FALSE , FALSE , FALSE , FALSE , FALSE , FALSE , FALSE , FALSE , FALSE , FALSE 
34,End C, Go To Sheet ," Product ID, Work Center, Option ", Time(min) ,, TRUE , TRUE , FALSE , FALSE , FALSE , FALSE , FALSE , FALSE , FALSE , TRUE , FALSE , FALSE , FALSE , FALSE , FALSE , FALSE , FALSE , FALSE , FALSE , FALSE , FALSE , FALSE , FALSE 
35,End P, Go To Sheet ," Product ID, Type, Work Center, Description ", Time(min) , Need to sum , TRUE , TRUE , FALSE , FALSE , FALSE , TRUE , FALSE , FALSE , FALSE , FALSE , FALSE , FALSE , FALSE , FALSE , FALSE , FALSE , FALSE , FALSE , FALSE , FALSE , FALSE , FALSE , FALSE 
36,Op Test, Go To Sheet ," Lighting, Fixture Type, Circuit, Direct/Indirect, Lamp/Cart Qty, Length ", Time(min) ,, FALSE , FALSE , TRUE , TRUE , FALSE , FALSE , FALSE , FALSE , FALSE , FALSE , FALSE , FALSE , FALSE , FALSE , FALSE , TRUE , FALSE , TRUE , FALSE , FALSE , FALSE , FALSE , FALSE 
37,OpTest Sketch, Go To Sheet ," Circuit,Project Reference ", Time(min) ,, FALSE , FALSE , FALSE , FALSE , FALSE , FALSE , FALSE , FALSE , FALSE , FALSE , FALSE , FALSE , FALSE , FALSE , FALSE , FALSE , FALSE , TRUE , TRUE , FALSE , FALSE , FALSE , FALSE 
38,Inspection, Go To Sheet ," Product ID, Work Center, Length ", Time(min) ,, TRUE , TRUE , TRUE , FALSE , FALSE , FALSE , FALSE , FALSE , FALSE , FALSE , FALSE , FALSE , FALSE , FALSE , FALSE , FALSE , FALSE , FALSE , FALSE , FALSE , FALSE , FALSE , FALSE 
39,CounterW, Go To Sheet ," Product ID, Work Center ", Time(min) ,, TRUE , TRUE , FALSE , FALSE , FALSE , FALSE , FALSE , FALSE , FALSE , FALSE , FALSE , FALSE , FALSE , FALSE , FALSE , FALSE , FALSE , FALSE , FALSE , FALSE , FALSE , FALSE , FALSE 
40,Pack, Go To Sheet ," Product ID, Description, Work Center, Length ", Time(min) ,, TRUE , TRUE , TRUE , FALSE , FALSE , TRUE , FALSE , FALSE , FALSE , FALSE , FALSE , FALSE , FALSE , FALSE , FALSE , FALSE , FALSE , FALSE , FALSE , FALSE , FALSE , FALSE , FALSE 
41,M Kits, Go To Sheet ," Fixture Type,Mounting,Work Center ", Time(min) ,, FALSE , TRUE , FALSE , TRUE , TRUE , FALSE , FALSE , FALSE , TRUE , FALSE , FALSE , FALSE , FALSE , FALSE , FALSE , FALSE , FALSE , FALSE , FALSE , FALSE , FALSE , FALSE , FALSE 
42,Emergency, Go To Sheet ," Fixture Type,Work Center ", Time(min) ,, FALSE , TRUE , FALSE , TRUE , FALSE , FALSE , FALSE , FALSE , FALSE , FALSE , FALSE , FALSE , FALSE , FALSE , FALSE , FALSE , FALSE , FALSE , FALSE , FALSE , FALSE , FALSE , FALSE 
43,GTD, Go To Sheet ," Circuit Option,Lighting,Ballast Fixation, Work Center ", Time(min) , Circuit option = GTD , FALSE , TRUE , FALSE , FALSE , FALSE , FALSE , FALSE , FALSE , FALSE , TRUE , FALSE , FALSE , FALSE , FALSE , TRUE , TRUE , TRUE , TRUE , FALSE , FALSE , FALSE , FALSE , FALSE 
44,Nightlight, Go To Sheet ," Circuit Option,Fixture Type, Work Center ", Time(min) , Circuit option = CL , FALSE , TRUE , FALSE , TRUE , FALSE , FALSE , FALSE , FALSE , FALSE , TRUE , FALSE , FALSE , FALSE , FALSE , FALSE , FALSE , TRUE , TRUE , FALSE , FALSE , FALSE , FALSE , FALSE 
45,Set-up MR, Go To Sheet ," Fixture Type,Work Center ", Time(min) ,, FALSE , TRUE , FALSE , TRUE , FALSE , FALSE , FALSE , FALSE , FALSE , FALSE , FALSE , FALSE , FALSE , FALSE , FALSE , FALSE , FALSE , FALSE , FALSE , FALSE , FALSE , FALSE , FALSE 
46,MR, Go To Sheet ," Fixture Type,Work Center ", Time(min) ,, FALSE , TRUE , FALSE , TRUE , FALSE , FALSE , FALSE , FALSE , FALSE , FALSE , FALSE , FALSE , FALSE , FALSE , FALSE , FALSE , FALSE , FALSE , FALSE , FALSE , FALSE , FALSE , FALSE 
47,Set-up Ctrl, Go To Sheet ," Ballast Fixation,Work Center, Option ", Time(min) ,, FALSE , TRUE , FALSE , FALSE , FALSE , FALSE , FALSE , FALSE , FALSE , TRUE , FALSE , FALSE , FALSE , FALSE , TRUE , FALSE , FALSE , FALSE , FALSE , FALSE , FALSE , FALSE , FALSE 
48,Ctrl, Go To Sheet ," Ballast Fixation,Work Center, Control ", Time(min) ,, FALSE , TRUE , FALSE , FALSE , FALSE , FALSE , FALSE , FALSE , FALSE , FALSE , FALSE , FALSE , FALSE , TRUE , TRUE , FALSE , FALSE , FALSE , FALSE , FALSE , FALSE , FALSE , FALSE 
49,Set-up End Feed, Go To Sheet ," Section,Fixture Type ", Time(min) , only 10 rows , FALSE , FALSE , FALSE , TRUE , FALSE , FALSE , TRUE , FALSE , FALSE , FALSE , FALSE , FALSE , FALSE , FALSE , FALSE , FALSE , FALSE , FALSE , FALSE , FALSE , FALSE , FALSE , FALSE 
50,End Feed, Go To Sheet ," Fixture Type,Work Center ", Time(min) , only 5 rows , FALSE , TRUE , FALSE , TRUE , FALSE , FALSE , FALSE , FALSE , FALSE , FALSE , FALSE , FALSE , FALSE , FALSE , FALSE , FALSE , FALSE , FALSE , FALSE , FALSE , FALSE , FALSE , FALSE 
51,Battery, Go To Sheet ," Product ID, Work Center ", Time(min) ,, TRUE , TRUE , FALSE , FALSE , FALSE , FALSE , FALSE , FALSE , FALSE , FALSE , FALSE , FALSE , FALSE , FALSE , FALSE , FALSE , FALSE , FALSE , FALSE , FALSE , FALSE , FALSE , FALSE 
52,Flexwhip, Go To Sheet , Work Center , Time(min) , only 2 rows , FALSE , TRUE , FALSE , FALSE , FALSE , FALSE , FALSE , FALSE , FALSE , FALSE , FALSE , FALSE , FALSE , FALSE , FALSE , FALSE , FALSE , FALSE , FALSE , FALSE , FALSE , FALSE , FALSE 
53,ITS, Go To Sheet , Product ID , Time(min) ,, TRUE , FALSE , FALSE , FALSE , FALSE , FALSE , FALSE , FALSE , FALSE , FALSE , FALSE , FALSE , FALSE , FALSE , FALSE , FALSE , FALSE , FALSE , FALSE , FALSE , FALSE , FALSE , FALSE 
54,Chic Ple, Go To Sheet ," Product ID, Length ", Time(min) ,, TRUE , FALSE , TRUE , FALSE , FALSE , FALSE , FALSE , FALSE , FALSE , FALSE , FALSE , FALSE , FALSE , FALSE , FALSE , FALSE , FALSE , FALSE , FALSE , FALSE , FALSE , FALSE , FALSE 
55,Fuse, Go To Sheet , Work Center , Time(min) , only 2 rows , FALSE , TRUE , FALSE , FALSE , FALSE , FALSE , FALSE , FALSE , FALSE , FALSE , FALSE , FALSE , FALSE , FALSE , FALSE , FALSE , FALSE , FALSE , FALSE , FALSE , FALSE , FALSE , FALSE 
56,Set-up CB, Go To Sheet ," Fixture Type,Work Center ", Time(min) ,, FALSE , TRUE , FALSE , TRUE , FALSE , FALSE , FALSE , FALSE , FALSE , FALSE , FALSE , FALSE , FALSE , FALSE , FALSE , FALSE , FALSE , FALSE , FALSE , FALSE , FALSE , FALSE , FALSE 
57,CB, Go To Sheet ," Fixture Type,Work Center, Lamp Qty ", Time(min) ,, FALSE , TRUE , FALSE , TRUE , FALSE , FALSE , FALSE , FALSE , FALSE , FALSE , FALSE , TRUE , FALSE , FALSE , FALSE , FALSE , FALSE , FALSE , FALSE , FALSE , FALSE , FALSE , FALSE 
58,Dust Cover, Go To Sheet ," Dust Cover, Length, workcenter ", Time(min) ,, FALSE , FALSE , TRUE , FALSE , FALSE , FALSE , FALSE , FALSE , FALSE , FALSE , TRUE , FALSE , FALSE , FALSE , FALSE , FALSE , FALSE , FALSE , FALSE , FALSE , FALSE , FALSE , FALSE 
59,Air Return, Go To Sheet ," Product ID, Mounting, Length ", Time(min) ,, TRUE , FALSE , TRUE , FALSE , TRUE , FALSE , FALSE , FALSE , TRUE , FALSE , FALSE , FALSE , FALSE , FALSE , FALSE , FALSE , FALSE , FALSE , FALSE , FALSE , FALSE , FALSE , FALSE 
60,Remo, Go To Sheet , Work Center , Time(min) ,, FALSE , TRUE , FALSE , FALSE , FALSE , FALSE , FALSE , FALSE , FALSE , FALSE , FALSE , FALSE , FALSE , FALSE , FALSE , FALSE , FALSE , FALSE , FALSE , FALSE , FALSE , FALSE , FALSE 
,,,,,,,,,,,,,,,,,,,,,,,,,,,,
,,,,,,,,,,,,,,,,,,,,,,,,,,,,
,,,,,,,,,,,,,,,,,,,,,,,,,,,,
,,,,,,,,,,,,,,,,,,,,,,,,,,,,
,,,,,,,,,,,,,,,,,,,,,,,,,,,,
,,,,,,,,,,,,,,,,,,,,,,,,,,,,
,,,,,,,,,,,,,,,,,,,,,,,,,,,,
,,,,,,,,,,,,,,,,,,,,,,,,,,,,
,,,,,,,,,,,,,,,,,,,,,,,,,,,,
,,,,,,,,,,,,,,,,,,,,,,,,,,,,
,,,,,,,,,,,,,,,,,,,,,,,,,,,,
,,,,,,,,,,,,,,,,,,,,,,,,,,,,
,,,,,,,,,,,,,,,,,,,,,,,,,,,,
,,,,,,,,,,,,,,,,,,,,,,,,,,,,
,,,,,,,,,,,,,,,,,,,,,,,,,,,,
,,,,,,,,,,,,,,,,,,,,,,,,,,,,
,,,,,,,,,,,,,,,,,,,,,,,,,,,,
,,,,,,,,,,,,,,,,,,,,,,,,,,,,
,,,,,,,,,,,,,,,,,,,,,,,,,,,,
,,,,,,,,,,,,,,,,,,,,,,,,,,,,
,,,,,,,,,,,,,,,,,,,,,,,,,,,,
,,,,,,,,,,,,,,,,,,,,,,,,,,,,
,,,,,,,,,,,,,,,,,,,,,,,,,,,,
,,,,,,,,,,,,,,,,,,,,,,,,,,,,
,,,,,,,,,,,,,,,,,,,,,,,,,,,,
,,,,,,,,,,,,,,,,,,,,,,,,,,,,
,,,,,,,,,,,,,,,,,,,,,,,,,,,,
,,,,,,,,,,,,,,,,,,,,,,,,,,,,
,,,,,,,,,,,,,,,,,,,,,,,,,,,,
,,,,,,,,,,,,,,,,,,,,,,,,,,,,
,,,,,,,,,,,,,,,,,,,,,,,,,,,,
,,,,,,,,,,,,,,,,,,,,,,,,,,,,
