 Product ID , Description , Work Center , Option , Activity , Total Time (min) 
 B6W , - , CNC , cnca , set-up ,8
 B6WD , - , CNC , cnca , set-up ,8
 B6WDLED , - , CNC , cnca , set-up ,8
 B6WDLEDPAT , - , CNC , cnca , set-up ,8
 B6WDPAT , - , CNC , cnca , set-up ,8
 B6WI , - , CNC , cnca , set-up ,8
 B6WILEDPAT , - , CNC , cnca , set-up ,8
 B6WIPAT , - , CNC , cnca , set-up ,8
 B6WLEDPAT , - , CNC , cnca , set-up ,8
 B6WPAT , - , CNC , cnca , set-up ,8
 BBW , - , CNC , cnca , set-up ,8
 BBWD , - , CNC , cnca , set-up ,8
 BBWDILED , - , CNC , cnca , set-up ,8
 BBWDLED , - , CNC , cnca , set-up ,8
 BBWDLEDPAT , - , CNC , cnca , set-up ,8
 BBWDPAT , - , CNC , cnca , set-up ,8
 BBWI , - , CNC , cnca , set-up ,8
 BBWILED , - , CNC , cnca , set-up ,8
 BBWILEDPAT , - , CNC , cnca , set-up ,8
 BBWIPAT , - , CNC , cnca , set-up ,8
 BBWLEDPAT , - , CNC , cnca , set-up ,8
 BBWPAT , - , CNC , cnca , set-up ,8
 BDIW , - , CNC , cnca , set-up ,8
 BMWD , - , CNC , cnca , set-up ,8
 BMWDLED , - , CNC , cnca , set-up ,8
 BMWDLEDPAT , - , CNC , cnca , set-up ,8
 BMWDPAT , - , CNC , cnca , set-up ,8
 BMWI , - , CNC , cnca , set-up ,8
 BMWILED , - , CNC , cnca , set-up ,8
 BMWILEDPAT , - , CNC , cnca , set-up ,8
 BMWIPAT , - , CNC , cnca , set-up ,8
 BMWLEDPAT , - , CNC , cnca , set-up ,8
 BMWPAT , - , CNC , cnca , set-up ,8
 BMWV , - , CNC , cnca , set-up ,8
 BMWVLED , - , CNC , cnca , set-up ,8
 BWD , - , CNC , cnca , set-up ,8
 BWDLED , - , CNC , cnca , set-up ,8
 BWDLEDPAT , - , CNC , cnca , set-up ,8
 BWDPAT , - , CNC , cnca , set-up ,8
 BWI , - , CNC , cnca , set-up ,8
 BWILED , - , CNC , cnca , set-up ,8
 BWILEDPAT , - , CNC , cnca , set-up ,8
 BWIPAT , - , CNC , cnca , set-up ,8
 BWLEDPAT , - , CNC , cnca , set-up ,8
 BWPAT , - , CNC , cnca , set-up ,8
 BWV , - , CNC , cnca , set-up ,8
 BWVLED , - , CNC , cnca , set-up ,8
 RAY3W , - , CNC , cnca , set-up ,8
 RAY4W , - , CNC , cnca , set-up ,8
 RAY6W , - , CNC , cnca , set-up ,8
 RAY8W , - , CNC , cnca , set-up ,8
 TBW , - , CNC , cnca , set-up ,8
 TBWDILED , - , CNC , cnca , set-up ,8
 TBWDILEDPAT , - , CNC , cnca , set-up ,8
 TBWDLED , - , CNC , cnca , set-up ,8
 TBWDLEDPAT , - , CNC , cnca , set-up ,8
 TBWDPAT , - , CNC , cnca , set-up ,8
 TBWILED , - , CNC , cnca , set-up ,8
 TBWILEDPAT , - , CNC , cnca , set-up ,8
 TBWIPAT , - , CNC , cnca , set-up ,8
 TBWPAT , - , CNC , cnca , set-up ,8
 TWCW , - , CNC , cnca , set-up ,8
 TWOW , - , CNC , cnca , set-up ,8
 TWRW , - , CNC , cnca , set-up ,8
 TWRWLED , - , CNC , cnca , set-up ,8
 WBW , - , CNC , cnca , set-up ,8
 WBWLED , - , CNC , cnca , set-up ,8
 BR , Flangeless , CNC , cncb , set-up ,2.21
 BR , Spackle Flange , CNC , cncb , set-up ,2.21
 BR , With Flanges , CNC , cncb , set-up ,2.21
 BRLED , Flangeless , CNC , cncb , set-up ,2.21
 BRLED , Spackle Flange , CNC , cncb , set-up ,2.21
 BRLED , With Flanges , CNC , cncb , set-up ,2.21
 BRLEDPAT , Flangeless , CNC , cncb , set-up ,2.21
 BRLEDPAT , Spackle Flange , CNC , cncb , set-up ,2.21
 BRLEDPAT , With Flanges , CNC , cncb , set-up ,2.21
 BRPAT , Flangeless , CNC , cncb , set-up ,2.21
 BRPAT , Spackle Flange , CNC , cncb , set-up ,2.21
 BRPAT , With Flanges , CNC , cncb , set-up ,2.21
 BRV , Flangeless , CNC , cncb , set-up ,2.21
 BRV , Spackle Flange , CNC , cncb , set-up ,2.21
 BRV , With Flanges , CNC , cncb , set-up ,2.21
 BRVLED , Flangeless , CNC , cncb , set-up ,2.21
 BRVLED , Spackle Flange , CNC , cncb , set-up ,2.21
 BRVLED , With Flanges , CNC , cncb , set-up ,2.21
 BWDLED , - , CNC , cncb , set-up ,2.21
 BWDLEDPAT , - , CNC , cncb , set-up ,2.21
 RAY3 , Flangeless , CNC , cncb , set-up ,2.21
 RAY3 , Spackle Flange , CNC , cncb , set-up ,2.21
 RAY3P , - , CNC , cncb , set-up ,2.21
 RAY4 , Flangeless , CNC , cncb , set-up ,2.21
 RAY4 , Spackle Flange , CNC , cncb , set-up ,2.21
 RAY4P , - , CNC , cncb , set-up ,2.21
 RAY4S , - , CNC , cncb , set-up ,2.21
 RAY6 , Flangeless , CNC , cncb , set-up ,2.21
 RAY6 , Spackle Flange , CNC , cncb , set-up ,2.21
 RAY6P , - , CNC , cncb , set-up ,2.21
 RAY6S , - , CNC , cncb , set-up ,2.21
 RAY8 , Flangeless , CNC , cncb , set-up ,2.21
 RAY8 , Spackle Flange , CNC , cncb , set-up ,2.21
 RAY8P , - , CNC , cncb , set-up ,2.21
 RAY8S , - , CNC , cncb , set-up ,2.21
 SOLS , - , CNC , cncb , set-up ,2.21
 TB , - , CNC , cncc , set-up ,0
 TBDILED , - , CNC , cncc , set-up ,0
 TBDILEDPAT , - , CNC , cncc , set-up ,0
 TBDLED , - , CNC , cncc , set-up ,0
 TBDLEDPAT , - , CNC , cncc , set-up ,0
 TBDPAT , - , CNC , cncc , set-up ,0
 TBILED , - , CNC , cncc , set-up ,0
 TBILEDPAT , - , CNC , cncc , set-up ,0
 TBIPAT , - , CNC , cncc , set-up ,0
 TBLEDPAT , - , CNC , cncc , set-up ,0
 TBPAT , - , CNC , cncc , set-up ,0
 TBW , - , CNC , cncc , set-up ,0
 TBWDILED , - , CNC , cncc , set-up ,0
 TBWDILEDPAT , - , CNC , cncc , set-up ,0
 TBWDLED , - , CNC , cncc , set-up ,0
 TBWDLEDPAT , - , CNC , cncc , set-up ,0
 TBWDPAT , - , CNC , cncc , set-up ,0
 TBWILED , - , CNC , cncc , set-up ,0
 TBWILEDPAT , - , CNC , cncc , set-up ,0
 TBWIPAT , - , CNC , cncc , set-up ,0
 TBWPAT , - , CNC , cncc , set-up ,0
 MB , - , CNC , cncd , set-up ,0
 MBLED , - , CNC , cncd , set-up ,0
 MBS , - , CNC , cncd , set-up ,0
 MBSLED , - , CNC , cncd , set-up ,0
 MBW , - , CNC , cncd , set-up ,0
 MBWLED , - , CNC , cncd , set-up ,0
 MBWV , - , CNC , cncd , set-up ,0
 MBWVLED , - , CNC , cncd , set-up ,0
 WBDI , - , CNC , cnce , set-up ,0
 WBDILED , - , CNC , cnce , set-up ,0
 WBDIW , - , CNC , cnce , set-up ,0
 AR , - , CNC , cncf , set-up ,0
 ARLED , - , CNC , cncf , set-up ,0
 ARS , - , CNC , cncf , set-up ,0
 ARSLED , - , CNC , cncf , set-up ,0
 ARW , - , CNC , cncf , set-up ,0
 ARWBT , - , CNC , cncf , set-up ,0
 ARWBTLED , - , CNC , cncf , set-up ,0
 ARWLED , - , CNC , cncf , set-up ,0
 BD , - , CNC , cncf , set-up ,0
 BDLED , - , CNC , cncf , set-up ,0
 BDLEDPAT , - , CNC , cncf , set-up ,0
 BDPAT , - , CNC , cncf , set-up ,0
 BLEDPAT , - , CNC , cncf , set-up ,0
 BS , - , CNC , cncf , set-up ,0
 BSLED , - , CNC , cncf , set-up ,0
 BSLEDPAT , - , CNC , cncf , set-up ,0
 BSPAT , - , CNC , cncf , set-up ,0
 D5W , B , CNC , cncf , set-up ,0
 ELW , - , CNC , cncf , set-up ,0
 PICD , - , CNC , cncf , set-up ,0
 PICR , - , CNC , cncf , set-up ,0
 PMD , - , CNC , cncf , set-up ,0
 PMR , - , CNC , cncf , set-up ,0
 PMRLED , - , CNC , cncf , set-up ,0
 PR , - , CNC , cncf , set-up ,0
 PRLED , - , CNC , cncf , set-up ,0
 PRS , - , CNC , cncf , set-up ,0
 PRSLED , - , CNC , cncf , set-up ,0
 PRW , - , CNC , cncf , set-up ,0
 PRWLED , - , CNC , cncf , set-up ,0
 PW , - , CNC , cncf , set-up ,0
 PWLED , - , CNC , cncf , set-up ,0
 PWS , - , CNC , cncf , set-up ,0
 PWSLED , - , CNC , cncf , set-up ,0
 PWW , - , CNC , cncf , set-up ,0
 PWWLED , - , CNC , cncf , set-up ,0
 101CW , - , Drilling , drillb , set-up ,5
 101CWA , - , Drilling , drillb , set-up ,5
 101FW , - , Drilling , drillb , set-up ,5
 101FWA , - , Drilling , drillb , set-up ,5
 202CW , - , Drilling , drillb , set-up ,5
 202CWA , - , Drilling , drillb , set-up ,5
 202FW , - , Drilling , drillb , set-up ,5
 202FWA , - , Drilling , drillb , set-up ,5
 ARCW , - , Drilling , drillb , set-up ,5
 ARCWA , - , Drilling , drillb , set-up ,5
 BASW , - , Drilling , drillb , set-up ,5
 BASWA , - , Drilling , drillb , set-up ,5
 CUBW , - , Drilling , drillb , set-up ,5
 CUBWA , - , Drilling , drillb , set-up ,5
 CUW , - , Drilling , drillb , set-up ,5
 CUWA , - , Drilling , drillb , set-up ,5
 FLW , - , Drilling , drillb , set-up ,5
 L2W , - , Drilling , drillb , set-up ,5
 L2WA , - , Drilling , drillb , set-up ,5
 LTW , - , Drilling , drillb , set-up ,5
 LTWA , - , Drilling , drillb , set-up ,5
 PICWD , - , Drilling , drillb , set-up ,5
 PICWI , - , Drilling , drillb , set-up ,5
 PICWR , - , Drilling , drillb , set-up ,5
 PMWD , - , Drilling , drillb , set-up ,5
 PMWI , - , Drilling , drillb , set-up ,5
 PMWR , - , Drilling , drillb , set-up ,5
 SLW , - , Drilling , drillb , set-up ,5
 SLWLED , - , Drilling , drillb , set-up ,5
 SOL , - , Drilling , drillb , set-up ,5
 SOLS , - , Drilling , drillb , set-up ,5
 SOLW , - , Drilling , drillb , set-up ,5
 SUW , - , Drilling , drillb , set-up ,5
 SUWA , - , Drilling , drillb , set-up ,5
 101CS , - , Drilling , drillc , set-up ,5
 202CS , - , Drilling , drillc , set-up ,5
 BASS , - , Drilling , drillc , set-up ,5
 CUBS , - , Drilling , drillc , set-up ,5
 CUS , - , Drilling , drillc , set-up ,5
 L2S , - , Drilling , drillc , set-up ,5
 PWS , - , Drilling , drillc , set-up ,5
 PWSLED , - , Drilling , drillc , set-up ,5
 SUS , - , Drilling , drillc , set-up ,5
 SOL , - , Drilling , drille , set-up ,2
 SOLS , - , Drilling , drille , set-up ,2
 SOLW , - , Drilling , drille , set-up ,2
 SOL , - , Drilling , drillf , set-up ,2
 SOLS , - , Drilling , drillf , set-up ,2
 SOLW , - , Drilling , drillf , set-up ,2
 D5 , B , Drilling , drillg , set-up ,2
 D5 , BC , Drilling , drillg , set-up ,2
 D5S , B , Drilling , drillg , set-up ,2
 D5S , BC , Drilling , drillg , set-up ,2
 D5W , B , Drilling , drillg , set-up ,2
 D5W , BC , Drilling , drillg , set-up ,2
 D5 , B , Drilling , drillh , set-up ,2
 D5 , BC , Drilling , drillh , set-up ,2
 D5S , B , Drilling , drillh , set-up ,2
 D5S , BC , Drilling , drillh , set-up ,2
 D5W , B , Drilling , drillh , set-up ,2
 D5W , BC , Drilling , drillh , set-up ,2
 PICWD , - , Drilling , drillh , set-up ,2
 PICWI , - , Drilling , drillh , set-up ,2
 PICWR , - , Drilling , drillh , set-up ,2
 PMWD , - , Drilling , drillh , set-up ,2
 PMWI , - , Drilling , drillh , set-up ,2
 PMWR , - , Drilling , drillh , set-up ,2
 BDI , - , Milling , milla , set-up ,5
 BDIW , - , Milling , milla , set-up ,5
 CU , - , Milling , milla , set-up ,5
 CUA , - , Milling , milla , set-up ,5
 CUB , - , Milling , milla , set-up ,5
 CUBA , - , Milling , milla , set-up ,5
 CUBS , - , Milling , milla , set-up ,5
 CUBW , - , Milling , milla , set-up ,5
 CUBWA , - , Milling , milla , set-up ,5
 CUS , - , Milling , milla , set-up ,5
 CUW , - , Milling , milla , set-up ,5
 CUWA , - , Milling , milla , set-up ,5
 MB , - , Milling , milla , set-up ,5
 MBS , - , Milling , milla , set-up ,5
 MBW , - , Milling , milla , set-up ,5
 MBWV , - , Milling , milla , set-up ,5
 PICD , - , Milling , milla , set-up ,5
 PICI , - , Milling , milla , set-up ,5
 PICR , - , Milling , milla , set-up ,5
 PICWD , - , Milling , milla , set-up ,5
 PICWI , - , Milling , milla , set-up ,5
 PICWR , - , Milling , milla , set-up ,5
 PMD , - , Milling , milla , set-up ,5
 PMI , - , Milling , milla , set-up ,5
 PMR , - , Milling , milla , set-up ,5
 PMRLED , - , Milling , milla , set-up ,5
 PMWD , - , Milling , milla , set-up ,5
 PMWI , - , Milling , milla , set-up ,5
 PMWR , - , Milling , milla , set-up ,5
 SU , - , Milling , milla , set-up ,5
 SUA , - , Milling , milla , set-up ,5
 SUS , - , Milling , milla , set-up ,5
 SUW , - , Milling , milla , set-up ,5
 SUWA , - , Milling , milla , set-up ,5
 FL , - , Milling , millb , set-up ,0
 FLW , - , Milling , millb , set-up ,0
 FLW , - , Miscellaneous , misc , set-up ,0
 SOLW , - , Miscellaneous , misc , set-up ,0
 B6D , - , Punch , punch1a , set-up ,0
 B6DPAT , - , Punch , punch1a , set-up ,0
 B6I , - , Punch , punch1a , set-up ,0
 B6IPAT , - , Punch , punch1a , set-up ,0
 B6R , Flangeless , Punch , punch1a , set-up ,0
 B6R , Spackle Flange , Punch , punch1a , set-up ,0
 B6R , With Flanges , Punch , punch1a , set-up ,0
 B6RPAT , Flangeless , Punch , punch1a , set-up ,0
 B6RPAT , Spackle Flange , Punch , punch1a , set-up ,0
 B6RPAT , With Flanges , Punch , punch1a , set-up ,0
 B6RV , Flangeless , Punch , punch1a , set-up ,0
 B6RV , Spackle Flange , Punch , punch1a , set-up ,0
 B6RV , With Flanges , Punch , punch1a , set-up ,0
 B6S , - , Punch , punch1a , set-up ,0
 B6SPAT , - , Punch , punch1a , set-up ,0
 B6W , - , Punch , punch1a , set-up ,0
 B6WD , - , Punch , punch1a , set-up ,0
 B6WDPAT , - , Punch , punch1a , set-up ,0
 B6WI , - , Punch , punch1a , set-up ,0
 B6WIPAT , - , Punch , punch1a , set-up ,0
 B6WPAT , - , Punch , punch1a , set-up ,0
 BBD , - , Punch , punch1a , set-up ,0
 BBDPAT , - , Punch , punch1a , set-up ,0
 BBI , - , Punch , punch1a , set-up ,0
 BBIPAT , - , Punch , punch1a , set-up ,0
 BBPAT , - , Punch , punch1a , set-up ,0
 BBR , Flangeless , Punch , punch1a , set-up ,0
 BBR , Spackle Flange , Punch , punch1a , set-up ,0
 BBR , With Flanges , Punch , punch1a , set-up ,0
 BBRPAT , Flangeless , Punch , punch1a , set-up ,0
 BBRPAT , Spackle Flange , Punch , punch1a , set-up ,0
 BBRPAT , With Flanges , Punch , punch1a , set-up ,0
 BBRV , Flangeless , Punch , punch1a , set-up ,0
 BBRV , Spackle Flange , Punch , punch1a , set-up ,0
 BBRV , With Flanges , Punch , punch1a , set-up ,0
 BBS , - , Punch , punch1a , set-up ,0
 BBSPAT , - , Punch , punch1a , set-up ,0
 BBWD , - , Punch , punch1a , set-up ,0
 BBWDPAT , - , Punch , punch1a , set-up ,0
 BBWI , - , Punch , punch1a , set-up ,0
 BBWIPAT , - , Punch , punch1a , set-up ,0
 BD , - , Punch , punch1a , set-up ,0
 BDPAT , - , Punch , punch1a , set-up ,0
 BMD , - , Punch , punch1a , set-up ,0
 BMDPAT , - , Punch , punch1a , set-up ,0
 BMI , - , Punch , punch1a , set-up ,0
 BMIPAT , - , Punch , punch1a , set-up ,0
 BMR , Flangeless , Punch , punch1a , set-up ,0
 BMR , Spackle Flange , Punch , punch1a , set-up ,0
 BMR , With Flanges , Punch , punch1a , set-up ,0
 BMRPAT , Flangeless , Punch , punch1a , set-up ,0
 BMRPAT , Spackle Flange , Punch , punch1a , set-up ,0
 BMRPAT , With Flanges , Punch , punch1a , set-up ,0
 BMRV , Flangeless , Punch , punch1a , set-up ,0
 BMRV , Spackle Flange , Punch , punch1a , set-up ,0
 BMRV , With Flanges , Punch , punch1a , set-up ,0
 BMS , - , Punch , punch1a , set-up ,0
 BMSPAT , - , Punch , punch1a , set-up ,0
 BMWD , - , Punch , punch1a , set-up ,0
 BMWDPAT , - , Punch , punch1a , set-up ,0
 BMWI , - , Punch , punch1a , set-up ,0
 BMWILED , - , Punch , punch1a , set-up ,0
 BMWIPAT , - , Punch , punch1a , set-up ,0
 BMWPAT , - , Punch , punch1a , set-up ,0
 BMWV , - , Punch , punch1a , set-up ,0
 B6RLED , With Flanges , Punch , punch2a , set-up ,0
 B6RLEDPAT , With Flanges , Punch , punch2a , set-up ,0
 B6RVLED , With Flanges , Punch , punch2a , set-up ,0
 BBRLED , With Flanges , Punch , punch2a , set-up ,0
 BBRLEDPAT , With Flanges , Punch , punch2a , set-up ,0
 BBRVLED , With Flanges , Punch , punch2a , set-up ,0
 BMRLED , With Flanges , Punch , punch2a , set-up ,0
 BMRLEDPAT , With Flanges , Punch , punch2a , set-up ,0
 BMRVLED , With Flanges , Punch , punch2a , set-up ,0
 BR , With Flanges , Punch , punch2a , set-up ,0
 BRLED , With Flanges , Punch , punch2a , set-up ,0
 BRLEDPAT , With Flanges , Punch , punch2a , set-up ,0
 BRPAT , With Flanges , Punch , punch2a , set-up ,0
 BRV , With Flanges , Punch , punch2a , set-up ,0
 BRVLED , With Flanges , Punch , punch2a , set-up ,0
 AR , - , Saw , saw1a , set-up ,0
 ARLED , - , Saw , saw1a , set-up ,0
 ARS , - , Saw , saw1a , set-up ,0
 ARSLED , - , Saw , saw1a , set-up ,0
 ARW , - , Saw , saw1a , set-up ,0
 ARWBT , - , Saw , saw1a , set-up ,0
 ARWBTLED , - , Saw , saw1a , set-up ,0
 ARWLED , - , Saw , saw1a , set-up ,0
 BBD , - , Saw , saw1a , set-up ,0
 BBDPAT , - , Saw , saw1a , set-up ,0
 BBI , - , Saw , saw1a , set-up ,0
 BBIPAT , - , Saw , saw1a , set-up ,0
 BBPAT , - , Saw , saw1a , set-up ,0
 BBR , Flangeless , Saw , saw1a , set-up ,0
 BBR , Spackle Flange , Saw , saw1a , set-up ,0
 BBR , With Flanges , Saw , saw1a , set-up ,0
 BBRPAT , Spackle Flange , Saw , saw1a , set-up ,0
 BBRPAT , Flangeless , Saw , saw1a , set-up ,0
 BBRPAT , With Flanges , Saw , saw1a , set-up ,0
 BBRV , Flangeless , Saw , saw1a , set-up ,0
 BBRV , Spackle Flange , Saw , saw1a , set-up ,0
 BBRV , With Flanges , Saw , saw1a , set-up ,0
 BBS , - , Saw , saw1a , set-up ,0
 BBSPAT , - , Saw , saw1a , set-up ,0
 BBWD , - , Saw , saw1a , set-up ,0
 BBWDPAT , - , Saw , saw1a , set-up ,0
 BBWI , - , Saw , saw1a , set-up ,0
 BBWIPAT , - , Saw , saw1a , set-up ,0
 BD , - , Saw , saw1a , set-up ,0
 BDLED , - , Saw , saw1a , set-up ,0
 BDLEDPAT , - , Saw , saw1a , set-up ,0
 BDPAT , - , Saw , saw1a , set-up ,0
 BI , - , Saw , saw1a , set-up ,0
 BILED , - , Saw , saw1a , set-up ,0
 BILEDPAT , - , Saw , saw1a , set-up ,0
 BIPAT , - , Saw , saw1a , set-up ,0
 BLEDPAT , - , Saw , saw1a , set-up ,0
 BMD , - , Saw , saw1a , set-up ,0
 BMDPAT , - , Saw , saw1a , set-up ,0
 BMI , - , Saw , saw1a , set-up ,0
 BMIPAT , - , Saw , saw1a , set-up ,0
 BMR , Flangeless , Saw , saw1a , set-up ,0
 BMR , Spackle Flange , Saw , saw1a , set-up ,0
 BMR , With Flanges , Saw , saw1a , set-up ,0
 BMRPAT , Flangeless , Saw , saw1a , set-up ,0
 BMRPAT , Spackle Flange , Saw , saw1a , set-up ,0
 BMRPAT , With Flanges , Saw , saw1a , set-up ,0
 BMRV , Flangeless , Saw , saw1a , set-up ,0
 BMRV , Spackle Flange , Saw , saw1a , set-up ,0
 BMRV , With Flanges , Saw , saw1a , set-up ,0
 BMS , - , Saw , saw1a , set-up ,0
 BMSPAT , - , Saw , saw1a , set-up ,0
 BMWD , - , Saw , saw1a , set-up ,0
 BMWDPAT , - , Saw , saw1a , set-up ,0
 BMWI , - , Saw , saw1a , set-up ,0
 BMWILED , - , Saw , saw1a , set-up ,0
 BMWIPAT , - , Saw , saw1a , set-up ,0
 BMWPAT , - , Saw , saw1a , set-up ,0
 BMWV , - , Saw , saw1a , set-up ,0
 BR , Flangeless , Saw , saw1a , set-up ,0
 BR , Spackle Flange , Saw , saw1a , set-up ,0
 BR , With Flanges , Saw , saw1a , set-up ,0
 BRLED , Flangeless , Saw , saw1a , set-up ,0
 BRLED , Spackle Flange , Saw , saw1a , set-up ,0
 BRLED , With Flanges , Saw , saw1a , set-up ,0
 BRLEDPAT , Flangeless , Saw , saw1a , set-up ,0
 BRLEDPAT , Spackle Flange , Saw , saw1a , set-up ,0
 BRLEDPAT , With Flanges , Saw , saw1a , set-up ,0
 BRPAT , Flangeless , Saw , saw1a , set-up ,0
 BRPAT , Spackle Flange , Saw , saw1a , set-up ,0
 BRPAT , With Flanges , Saw , saw1a , set-up ,0
 BRV , Flangeless , Saw , saw1a , set-up ,0
 BRV , Spackle Flange , Saw , saw1a , set-up ,0
 BRV , With Flanges , Saw , saw1a , set-up ,0
 BRVLED , Flangeless , Saw , saw1a , set-up ,0
 BRVLED , Spackle Flange , Saw , saw1a , set-up ,0
 BRVLED , With Flanges , Saw , saw1a , set-up ,0
 BS , - , Saw , saw1a , set-up ,0
 BSLED , - , Saw , saw1a , set-up ,0
 BSLEDPAT , - , Saw , saw1a , set-up ,0
 BSPAT , - , Saw , saw1a , set-up ,0
 BWD , - , Saw , saw1a , set-up ,0
 BWDLED , - , Saw , saw1a , set-up ,0
 BWDLEDPAT , - , Saw , saw1a , set-up ,0
 BWDPAT , - , Saw , saw1a , set-up ,0
 BWI , - , Saw , saw1a , set-up ,0
 BWILED , - , Saw , saw1a , set-up ,0
 BWILEDPAT , - , Saw , saw1a , set-up ,0
 BWIPAT , - , Saw , saw1a , set-up ,0
 BWLEDPAT , - , Saw , saw1a , set-up ,0
 BWPAT , - , Saw , saw1a , set-up ,0
 BWV , - , Saw , saw1a , set-up ,0
 BWVLED , - , Saw , saw1a , set-up ,0
 D5 , B , Saw , saw1a , set-up ,0
 D5 , BC , Saw , saw1a , set-up ,0
 D5 , SLC , Saw , saw1a , set-up ,0
 D5S , B , Saw , saw1a , set-up ,0
 D5S , BC , Saw , saw1a , set-up ,0
 D5S , SLC , Saw , saw1a , set-up ,0
 D5W , B , Saw , saw1a , set-up ,0
 D5W , BC , Saw , saw1a , set-up ,0
 D5W , SLC , Saw , saw1a , set-up ,0
 DAYC , - , Saw , saw1a , set-up ,0
 DAYCLED , - , Saw , saw1a , set-up ,0
 DAYF , - , Saw , saw1a , set-up ,0
 DAYFLED , - , Saw , saw1a , set-up ,0
 DIA , - , Saw , saw1a , set-up ,0
 DIALED , - , Saw , saw1a , set-up ,0
 DUO , - , Saw , saw1a , set-up ,0
 EL , - , Saw , saw1a , set-up ,0
 ELS , - , Saw , saw1a , set-up ,0
 ELW , - , Saw , saw1a , set-up ,0
 MB , - , Saw , saw1a , set-up ,0
 MBLED , - , Saw , saw1a , set-up ,0
 MBS , - , Saw , saw1a , set-up ,0
 MBSLED , - , Saw , saw1a , set-up ,0
 MBW , - , Saw , saw1a , set-up ,0
 MBWLED , - , Saw , saw1a , set-up ,0
 MBWV , - , Saw , saw1a , set-up ,0
 MBWVLED , - , Saw , saw1a , set-up ,0
 PO , - , Saw , saw1a , set-up ,0
 POLED , - , Saw , saw1a , set-up ,0
 PR , - , Saw , saw1a , set-up ,0
 PRLED , - , Saw , saw1a , set-up ,0
 PRS , - , Saw , saw1a , set-up ,0
 PRSLED , - , Saw , saw1a , set-up ,0
 PRW , - , Saw , saw1a , set-up ,0
 PRWLED , - , Saw , saw1a , set-up ,0
 PW , - , Saw , saw1a , set-up ,0
 PWLED , - , Saw , saw1a , set-up ,0
 PWS , - , Saw , saw1a , set-up ,0
 PWSLED , - , Saw , saw1a , set-up ,0
 PWW , - , Saw , saw1a , set-up ,0
 PWWLED , - , Saw , saw1a , set-up ,0
 SKPLED , - , Saw , saw1a , set-up ,0
 SKSLED , - , Saw , saw1a , set-up ,0
 SKVLED , - , Saw , saw1a , set-up ,0
 TB , - , Saw , saw1a , set-up ,0
 TBDILED , - , Saw , saw1a , set-up ,0
 TBDILEDPAT , - , Saw , saw1a , set-up ,0
 TBDLED , - , Saw , saw1a , set-up ,0
 TBDLEDPAT , - , Saw , saw1a , set-up ,0
 TBDPAT , - , Saw , saw1a , set-up ,0
 TBILED , - , Saw , saw1a , set-up ,0
 TBILEDPAT , - , Saw , saw1a , set-up ,0
 TBIPAT , - , Saw , saw1a , set-up ,0
 TBLEDPAT , - , Saw , saw1a , set-up ,0
 TBPAT , - , Saw , saw1a , set-up ,0
 TBW , - , Saw , saw1a , set-up ,0
 TBWDILED , - , Saw , saw1a , set-up ,0
 TBWDILEDPAT , - , Saw , saw1a , set-up ,0
 TBWDLED , - , Saw , saw1a , set-up ,0
 TBWDLEDPAT , - , Saw , saw1a , set-up ,0
 TBWDPAT , - , Saw , saw1a , set-up ,0
 TBWILED , - , Saw , saw1a , set-up ,0
 TBWILEDPAT , - , Saw , saw1a , set-up ,0
 TBWIPAT , - , Saw , saw1a , set-up ,0
 TBWPAT , - , Saw , saw1a , set-up ,0
 WA , - , Saw , saw1a , set-up ,0
 WALED , - , Saw , saw1a , set-up ,0
 B6D , - , Saw , saw1b , set-up ,0
 B6DPAT , - , Saw , saw1b , set-up ,0
 B6I , - , Saw , saw1b , set-up ,0
 B6IPAT , - , Saw , saw1b , set-up ,0
 B6R , Flangeless , Saw , saw1b , set-up ,0
 B6R , Spackle Flange , Saw , saw1b , set-up ,0
 B6R , With Flanges , Saw , saw1b , set-up ,0
 B6RPAT , Flangeless , Saw , saw1b , set-up ,0
 B6RPAT , Spackle Flange , Saw , saw1b , set-up ,0
 B6RPAT , With Flanges , Saw , saw1b , set-up ,0
 B6RV , Flangeless , Saw , saw1b , set-up ,0
 B6RV , Spackle Flange , Saw , saw1b , set-up ,0
 B6RV , With Flanges , Saw , saw1b , set-up ,0
 B6S , - , Saw , saw1b , set-up ,0
 B6SPAT , - , Saw , saw1b , set-up ,0
 B6W , - , Saw , saw1b , set-up ,0
 B6WD , - , Saw , saw1b , set-up ,0
 B6WDPAT , - , Saw , saw1b , set-up ,0
 B6WI , - , Saw , saw1b , set-up ,0
 B6WIPAT , - , Saw , saw1b , set-up ,0
 B6WPAT , - , Saw , saw1b , set-up ,0
 WB , - , Saw , saw1b , set-up ,0
 WBLED , - , Saw , saw1b , set-up ,0
 WBR , - , Saw , saw1b , set-up ,0
 WBRLED , - , Saw , saw1b , set-up ,0
 WBS , - , Saw , saw1b , set-up ,0
 WBSLED , - , Saw , saw1b , set-up ,0
 WBW , - , Saw , saw1b , set-up ,0
 WBWLED , - , Saw , saw1b , set-up ,0
 B6 , - , Saw , saw1c , set-up ,0
 B6DLED , - , Saw , saw1c , set-up ,0
 B6DLEDPAT , - , Saw , saw1c , set-up ,0
 B6ILEDPAT , - , Saw , saw1c , set-up ,0
 B6LEDPAT , - , Saw , saw1c , set-up ,0
 B6PAT , - , Saw , saw1c , set-up ,0
 B6RLED , Flangeless , Saw , saw1c , set-up ,0
 B6RLED , Spackle Flange , Saw , saw1c , set-up ,0
 B6RLED , With Flanges , Saw , saw1c , set-up ,0
 B6RLEDPAT , Flangeless , Saw , saw1c , set-up ,0
 B6RLEDPAT , Spackle Flange , Saw , saw1c , set-up ,0
 B6RLEDPAT , With Flanges , Saw , saw1c , set-up ,0
 B6RVLED , Flangeless , Saw , saw1c , set-up ,0
 B6RVLED , Spackle Flange , Saw , saw1c , set-up ,0
 B6RVLED , With Flanges , Saw , saw1c , set-up ,0
 B6SLED , - , Saw , saw1c , set-up ,0
 B6SLEDPAT , - , Saw , saw1c , set-up ,0
 B6WDLED , - , Saw , saw1c , set-up ,0
 B6WDLEDPAT , - , Saw , saw1c , set-up ,0
 B6WILEDPAT , - , Saw , saw1c , set-up ,0
 B6WLEDPAT , - , Saw , saw1c , set-up ,0
 BB , - , Saw , saw1c , set-up ,0
 BBDILED , - , Saw , saw1c , set-up ,0
 BBDILEDPAT , - , Saw , saw1c , set-up ,0
 BBDLED , - , Saw , saw1c , set-up ,0
 BBDLEDPAT , - , Saw , saw1c , set-up ,0
 BBILED , - , Saw , saw1c , set-up ,0
 BBILED2 , - , Saw , saw1c , set-up ,0
 BBILEDPAT , - , Saw , saw1c , set-up ,0
 BBLED2 , - , Saw , saw1c , set-up ,0
 BBLEDPAT , - , Saw , saw1c , set-up ,0
 BBRLED , Flangeless , Saw , saw1c , set-up ,0
 BBRLED , Spackle Flange , Saw , saw1c , set-up ,0
 BBRLED , With Flanges , Saw , saw1c , set-up ,0
 BBRLEDPAT , Flangeless , Saw , saw1c , set-up ,0
 BBRLEDPAT , Spackle Flange , Saw , saw1c , set-up ,0
 BBRLEDPAT , With Flanges , Saw , saw1c , set-up ,0
 BBRVLED , Flangeless , Saw , saw1c , set-up ,0
 BBRVLED , Spackle Flange , Saw , saw1c , set-up ,0
 BBRVLED , With Flanges , Saw , saw1c , set-up ,0
 BBSLED , - , Saw , saw1c , set-up ,0
 BBSLEDPAT , - , Saw , saw1c , set-up ,0
 BBW , - , Saw , saw1c , set-up ,0
 BBWDILED , - , Saw , saw1c , set-up ,0
 BBWDLED , - , Saw , saw1c , set-up ,0
 BBWDLEDPAT , - , Saw , saw1c , set-up ,0
 BBWILED , - , Saw , saw1c , set-up ,0
 BBWILEDPAT , - , Saw , saw1c , set-up ,0
 BBWLEDPAT , - , Saw , saw1c , set-up ,0
 BBWPAT , - , Saw , saw1c , set-up ,0
 BDI , - , Saw , saw1c , set-up ,0
 BDIW , - , Saw , saw1c , set-up ,0
 BMDLED , - , Saw , saw1c , set-up ,0
 BMDLEDPAT , - , Saw , saw1c , set-up ,0
 BMILED , - , Saw , saw1c , set-up ,0
 BMILEDPAT , - , Saw , saw1c , set-up ,0
 BMLEDPAT , - , Saw , saw1c , set-up ,0
 BMRLED , Flangeless , Saw , saw1c , set-up ,0
 BMRLED , Spackle Flange , Saw , saw1c , set-up ,0
 BMRLED , With Flanges , Saw , saw1c , set-up ,0
 BMRLEDPAT , Flangeless , Saw , saw1c , set-up ,0
 BMRLEDPAT , Spackle Flange , Saw , saw1c , set-up ,0
 BMRLEDPAT , With Flanges , Saw , saw1c , set-up ,0
 BMRVLED , Flangeless , Saw , saw1c , set-up ,0
 BMRVLED , Spackle Flange , Saw , saw1c , set-up ,0
 BMRVLED , With Flanges , Saw , saw1c , set-up ,0
 BMSLED , - , Saw , saw1c , set-up ,0
 BMSLEDPAT , - , Saw , saw1c , set-up ,0
 BMWDLED , - , Saw , saw1c , set-up ,0
 BMWDLEDPAT , - , Saw , saw1c , set-up ,0
 BMWILEDPAT , - , Saw , saw1c , set-up ,0
 BMWLEDPAT , - , Saw , saw1c , set-up ,0
 BMWVLED , - , Saw , saw1c , set-up ,0
 RAY3 , Flangeless , Saw , saw1c , set-up ,0
 RAY3 , Spackle Flange , Saw , saw1c , set-up ,0
 RAY3P , - , Saw , saw1c , set-up ,0
 RAY3W , - , Saw , saw1c , set-up ,0
 RAY4 , Flangeless , Saw , saw1c , set-up ,0
 RAY4 , Spackle Flange , Saw , saw1c , set-up ,0
 RAY4P , - , Saw , saw1c , set-up ,0
 RAY4S , - , Saw , saw1c , set-up ,0
 RAY4W , - , Saw , saw1c , set-up ,0
 RAY6 , Flangeless , Saw , saw1c , set-up ,0
 RAY6 , Spackle Flange , Saw , saw1c , set-up ,0
 RAY6P , - , Saw , saw1c , set-up ,0
 RAY6S , - , Saw , saw1c , set-up ,0
 RAY6W , - , Saw , saw1c , set-up ,0
 RAY8 , Flangeless , Saw , saw1c , set-up ,0
 RAY8 , Spackle Flange , Saw , saw1c , set-up ,0
 RAY8P , - , Saw , saw1c , set-up ,0
 RAY8S , - , Saw , saw1c , set-up ,0
 RAY8W , - , Saw , saw1c , set-up ,0
 TEK12 , - , Saw , saw1c , set-up ,0
 TEK12LED , - , Saw , saw1c , set-up ,0
 TEK6 , - , Saw , saw1c , set-up ,0
 TEK6LED , - , Saw , saw1c , set-up ,0
 WBDI , - , Saw , saw1c , set-up ,0
 WBDILED , - , Saw , saw1c , set-up ,0
 WBDIW , - , Saw , saw1c , set-up ,0
 101C , - , Saw , saw1d , set-up ,0
 101CA , - , Saw , saw1d , set-up ,0
 101CS , - , Saw , saw1d , set-up ,0
 101CW , - , Saw , saw1d , set-up ,0
 101CWA , - , Saw , saw1d , set-up ,0
 101F , - , Saw , saw1d , set-up ,0
 101FA , - , Saw , saw1d , set-up ,0
 101FW , - , Saw , saw1d , set-up ,0
 202C , - , Saw , saw1d , set-up ,0
 202CA , - , Saw , saw1d , set-up ,0
 202CS , - , Saw , saw1d , set-up ,0
 202CW , - , Saw , saw1d , set-up ,0
 202CWA , - , Saw , saw1d , set-up ,0
 202F , - , Saw , saw1d , set-up ,0
 202FA , - , Saw , saw1d , set-up ,0
 202FW , - , Saw , saw1d , set-up ,0
 202FWA , - , Saw , saw1d , set-up ,0
 ARC , - , Saw , saw1d , set-up ,0
 ARCA , - , Saw , saw1d , set-up ,0
 ARCW , - , Saw , saw1d , set-up ,0
 ARCWA , - , Saw , saw1d , set-up ,0
 BAS , - , Saw , saw1d , set-up ,0
 BASA , - , Saw , saw1d , set-up ,0
 BASS , - , Saw , saw1d , set-up ,0
 BASW , - , Saw , saw1d , set-up ,0
 BASWA , - , Saw , saw1d , set-up ,0
 CU , - , Saw , saw1d , set-up ,0
 CUA , - , Saw , saw1d , set-up ,0
 CUB , - , Saw , saw1d , set-up ,0
 CUBA , - , Saw , saw1d , set-up ,0
 CUBS , - , Saw , saw1d , set-up ,0
 CUBW , - , Saw , saw1d , set-up ,0
 CUBWA , - , Saw , saw1d , set-up ,0
 CUS , - , Saw , saw1d , set-up ,0
 CUW , - , Saw , saw1d , set-up ,0
 CUWA , - , Saw , saw1d , set-up ,0
 L2 , - , Saw , saw1d , set-up ,0
 L2A , - , Saw , saw1d , set-up ,0
 L2S , - , Saw , saw1d , set-up ,0
 L2W , - , Saw , saw1d , set-up ,0
 L2WA , - , Saw , saw1d , set-up ,0
 LT , - , Saw , saw1d , set-up ,0
 LTA , - , Saw , saw1d , set-up ,0
 LTW , - , Saw , saw1d , set-up ,0
 LTWA , - , Saw , saw1d , set-up ,0
 SLW , - , Saw , saw1d , set-up ,0
 SLWLED , - , Saw , saw1d , set-up ,0
 SU , - , Saw , saw1d , set-up ,0
 SUA , - , Saw , saw1d , set-up ,0
 SUS , - , Saw , saw1d , set-up ,0
 SUW , - , Saw , saw1d , set-up ,0
 SUWA , - , Saw , saw1d , set-up ,0
 TWC , - , Saw , saw1d , set-up ,0
 TWCW , - , Saw , saw1d , set-up ,0
 TWO , - , Saw , saw1d , set-up ,0
 TWOW , - , Saw , saw1d , set-up ,0
 TWR , - , Saw , saw1d , set-up ,0
 TWRLED , - , Saw , saw1d , set-up ,0
 TWRW , - , Saw , saw1d , set-up ,0
 TWRWLED , - , Saw , saw1d , set-up ,0
 SOL , - , Saw , saw1e , set-up ,0
 SOLS , - , Saw , saw1e , set-up ,0
 SOLW , - , Saw , saw1e , set-up ,0
 SL , - , Saw , saw1f , set-up ,3
 SL2HLED , - , Saw , saw1f , set-up ,3
 SL2LLED , - , Saw , saw1f , set-up ,3
 SLLED , - , Saw , saw1f , set-up ,3
 PICD , - , Saw , saw1g , set-up ,0
 PICI , - , Saw , saw1g , set-up ,0
 PICR , - , Saw , saw1g , set-up ,0
 PICWD , - , Saw , saw1g , set-up ,0
 PICWI , - , Saw , saw1g , set-up ,0
 PICWR , - , Saw , saw1g , set-up ,0
 PMD , - , Saw , saw1g , set-up ,0
 PMI , - , Saw , saw1g , set-up ,0
 PMR , - , Saw , saw1g , set-up ,0
 PMRLED , - , Saw , saw1g , set-up ,0
 PMWD , - , Saw , saw1g , set-up ,0
 PMWI , - , Saw , saw1g , set-up ,0
 PMWR , - , Saw , saw1g , set-up ,0
 FL , - , Saw , saw1h , set-up ,0
 FLW , - , Saw , saw1h , set-up ,0
 B6R , Spackle Flange , Saw , saw2a , set-up ,0
 B6R , With Flanges , Saw , saw2a , set-up ,0
 B6RLED , With Flanges , Saw , saw2a , set-up ,0
 B6RLEDPAT , With Flanges , Saw , saw2a , set-up ,0
 B6RPAT , Spackle Flange , Saw , saw2a , set-up ,0
 B6RPAT , With Flanges , Saw , saw2a , set-up ,0
 B6RV , Spackle Flange , Saw , saw2a , set-up ,0
 B6RV , With Flanges , Saw , saw2a , set-up ,0
 B6RVLED , With Flanges , Saw , saw2a , set-up ,0
 BBR , Spackle Flange , Saw , saw2a , set-up ,0
 BBR , With Flanges , Saw , saw2a , set-up ,0
 BBRLED , With Flanges , Saw , saw2a , set-up ,0
 BBRLEDPAT , With Flanges , Saw , saw2a , set-up ,0
 BBRPAT , Spackle Flange , Saw , saw2a , set-up ,0
 BBRPAT , With Flanges , Saw , saw2a , set-up ,0
 BBRV , Spackle Flange , Saw , saw2a , set-up ,0
 BBRV , With Flanges , Saw , saw2a , set-up ,0
 BBRVLED , With Flanges , Saw , saw2a , set-up ,0
 BMR , Spackle Flange , Saw , saw2a , set-up ,0
 BMR , With Flanges , Saw , saw2a , set-up ,0
 BMRLED , With Flanges , Saw , saw2a , set-up ,0
 BMRLEDPAT , With Flanges , Saw , saw2a , set-up ,0
 BMRPAT , Spackle Flange , Saw , saw2a , set-up ,0
 BMRPAT , With Flanges , Saw , saw2a , set-up ,0
 BMRV , Spackle Flange , Saw , saw2a , set-up ,0
 BMRV , With Flanges , Saw , saw2a , set-up ,0
 BMRVLED , With Flanges , Saw , saw2a , set-up ,0
 BR , With Flanges , Saw , saw2a , set-up ,0
 BRLED , With Flanges , Saw , saw2a , set-up ,0
 BRLEDPAT , With Flanges , Saw , saw2a , set-up ,0
 BRPAT , With Flanges , Saw , saw2a , set-up ,0
 BRV , With Flanges , Saw , saw2a , set-up ,0
 BRVLED , With Flanges , Saw , saw2a , set-up ,0
 D5 , B , Saw , saw2b , set-up ,0
 D5 , BC , Saw , saw2b , set-up ,0
 D5S , B , Saw , saw2b , set-up ,0
 D5S , BC , Saw , saw2b , set-up ,0
 D5W , B , Saw , saw2b , set-up ,0
 D5W , BC , Saw , saw2b , set-up ,0
 PMD , - , Saw , saw2b , set-up ,0
 PMI , - , Saw , saw2b , set-up ,0
 PMR , - , Saw , saw2b , set-up ,0
 PMRLED , - , Saw , saw2b , set-up ,0
 PMWD , - , Saw , saw2b , set-up ,0
 PMWI , - , Saw , saw2b , set-up ,0
 PMWR , - , Saw , saw2b , set-up ,0
 101CS , - , Saw , saw2c , set-up ,0.3
 202CS , - , Saw , saw2c , set-up ,0.3
 BASS , - , Saw , saw2c , set-up ,0.3
 CUBS , - , Saw , saw2c , set-up ,0.3
 CUS , - , Saw , saw2c , set-up ,0.3
 L2S , - , Saw , saw2c , set-up ,0.3
 RAY3 , Flangeless , Saw , saw2c , set-up ,0.3
 RAY3 , Spackle Flange , Saw , saw2c , set-up ,0.3
 RAY3P , - , Saw , saw2c , set-up ,0.3
 RAY3W , - , Saw , saw2c , set-up ,0.3
 RAY4 , Flangeless , Saw , saw2c , set-up ,0.3
 RAY4 , Spackle Flange , Saw , saw2c , set-up ,0.3
 RAY4P , - , Saw , saw2c , set-up ,0.3
 RAY4S , - , Saw , saw2c , set-up ,0.3
 RAY4W , - , Saw , saw2c , set-up ,0.3
 RAY6 , Flangeless , Saw , saw2c , set-up ,0.3
 RAY6 , Spackle Flange , Saw , saw2c , set-up ,0.3
 RAY6P , - , Saw , saw2c , set-up ,0.3
 RAY6S , - , Saw , saw2c , set-up ,0.3
 RAY6W , - , Saw , saw2c , set-up ,0.3
 RAY8 , Flangeless , Saw , saw2c , set-up ,0.3
 RAY8 , Spackle Flange , Saw , saw2c , set-up ,0.3
 RAY8P , - , Saw , saw2c , set-up ,0.3
 RAY8S , - , Saw , saw2c , set-up ,0.3
 RAY8W , - , Saw , saw2c , set-up ,0.3
 SUS , - , Saw , saw2c , set-up ,0.3
 SK , - , Saw , saw2d , set-up ,0
 EL , - , Saw , saw2e , set-up ,1
 ELS , - , Saw , saw2e , set-up ,1
 ELW , - , Saw , saw2e , set-up ,1
 PMD , - , Saw , saw2e , set-up ,1
 PMI , - , Saw , saw2e , set-up ,1
 PMR , - , Saw , saw2e , set-up ,1
 PMRLED , - , Saw , saw2e , set-up ,1
 PMWD , - , Saw , saw2e , set-up ,1
 PMWI , - , Saw , saw2e , set-up ,1
 PMWR , - , Saw , saw2e , set-up ,1
 101CW , - , Saw , saw2f , set-up ,1
 101CWA , - , Saw , saw2f , set-up ,1
 101FW , - , Saw , saw2f , set-up ,1
 202CW , - , Saw , saw2f , set-up ,1
 202CWA , - , Saw , saw2f , set-up ,1
 202FW , - , Saw , saw2f , set-up ,1
 202FWA , - , Saw , saw2f , set-up ,1
 ARCW , - , Saw , saw2f , set-up ,1
 ARCWA , - , Saw , saw2f , set-up ,1
 BASW , - , Saw , saw2f , set-up ,1
 BASWA , - , Saw , saw2f , set-up ,1
 CUBW , - , Saw , saw2f , set-up ,1
 CUBWA , - , Saw , saw2f , set-up ,1
 CUW , - , Saw , saw2f , set-up ,1
 CUWA , - , Saw , saw2f , set-up ,1
 L2W , - , Saw , saw2f , set-up ,1
 L2WA , - , Saw , saw2f , set-up ,1
 LTW , - , Saw , saw2f , set-up ,1
 LTWA , - , Saw , saw2f , set-up ,1
 SLW , - , Saw , saw2f , set-up ,1
 SLWLED , - , Saw , saw2f , set-up ,1
 SUW , - , Saw , saw2f , set-up ,1
 SUWA , - , Saw , saw2f , set-up ,1
 TWCW , - , Saw , saw2f , set-up ,1
 TWOW , - , Saw , saw2f , set-up ,1
 TWRW , - , Saw , saw2f , set-up ,1
 TWRWLED , - , Saw , saw2f , set-up ,1
